Employee_Name,EmpID,MarriedID,MaritalStatusID,GenderID,EmpStatusID,DeptID,PerfScoreID,FromDiversityJobFairID,PayRate,Termd,PositionID,Position,State,Zip,DOB,Sex,MaritalDesc,CitizenDesc,HispanicLatino,RaceDesc,DateofHire,DateofTermination,TermReason,EmploymentStatus,Department,ManagerName,ManagerID,RecruitmentSource,PerformanceScore,EngagementSurvey,EmpSatisfaction,SpecialProjectsCount,LastPerformanceReview_Date,DaysLateLast30
"Brown, Mia",1103024456,1.00,1.00,0.00,1.00,1.00,3.00,1.00,28.50,0.00,1.00,Accountant I,MA,1450,11/24/87,F,Married,US Citizen,No,Black or African American,10/27/2008,,N/A - still employed,Active,Admin Offices,Brandon R. LeBlanc,1.00,Diversity Job Fair,Fully Meets,2.04,2.00,6.00,1/15/2019,0.00
"LaRotonda, William  ",1106026572,0.00,2.00,1.00,1.00,1.00,3.00,0.00,23.00,0.00,1.00,Accountant I,MA,1460,04/26/84,M ,Divorced,US Citizen,No,Black or African American,01-06-2014,,N/A - still employed,Active,Admin Offices,Brandon R. LeBlanc,1.00,Website Banner Ads,Fully Meets,5.00,4.00,4.00,1/17/2019,0.00
"Steans, Tyrone  ",1302053333,0.00,0.00,1.00,1.00,1.00,3.00,0.00,29.00,0.00,1.00,Accountant I,MA,2703,09-01-1986,M ,Single,US Citizen,No,White,9/29/2014,,N/A - still employed,Active,Admin Offices,Brandon R. LeBlanc,1.00,Internet Search,Fully Meets,3.90,5.00,5.00,1/18/2019,0.00
"Howard, Estelle",1211050782,1.00,1.00,0.00,1.00,1.00,3.00,0.00,21.50,1.00,2.00,Administrative Assistant,MA,2170,09/16/85,F,Married,US Citizen,No,White,2/16/2015,04/15/15,,Terminated for Cause,Admin Offices,Brandon R. LeBlanc,1.00,Pay Per Click - Google,Fully Meets,3.24,3.00,4.00,,
"Singh, Nan ",1307059817,0.00,0.00,0.00,1.00,1.00,3.00,0.00,16.56,0.00,2.00,Administrative Assistant,MA,2330,05/19/88,F,Single,US Citizen,No,White,05-01-2015,,N/A - still employed,Active,Admin Offices,Brandon R. LeBlanc,1.00,Website Banner Ads,Fully Meets,5.00,3.00,5.00,1/15/2019,0.00
"Smith, Leigh Ann",711007713,1.00,1.00,0.00,5.00,1.00,3.00,1.00,20.50,1.00,2.00,Administrative Assistant,MA,1844,06/14/87,F,Married,US Citizen,No,Asian,9/26/2011,09/25/13,career change,Voluntarily Terminated,Admin Offices,Brandon R. LeBlanc,1.00,Diversity Job Fair,Fully Meets,3.80,4.00,4.00,,
"Bunbury, Jessica",1504073368,1.00,1.00,0.00,5.00,6.00,3.00,0.00,55.00,1.00,3.00,Area Sales Manager,VA,21851,06-01-1964,F,Married,Eligible NonCitizen,No,Black or African American,8/15/2011,08-02-2014,Another position,Voluntarily Terminated,Sales,John Smith,17.00,Social Networks - Facebook Twitter etc,Fully Meets,3.14,5.00,0.00,,
"Carter, Michelle ",1403065721,0.00,0.00,0.00,1.00,6.00,3.00,0.00,55.00,0.00,3.00,Area Sales Manager,VT,5664,05/15/63,F,Single,US Citizen,No,White,8/18/2014,,N/A - still employed,Active,Sales,John Smith,17.00,Billboard,Fully Meets,5.00,5.00,0.00,1/21/2019,0.00
"Dietrich, Jenna  ",1408069481,0.00,0.00,0.00,1.00,6.00,1.00,0.00,55.00,0.00,3.00,Area Sales Manager,WA,98052,05/14/87,F,Single,US Citizen,Yes,White,2/20/2012,,N/A - still employed,Active,Sales,John Smith,17.00,Website Banner Ads,PIP,2.30,1.00,0.00,1/29/2019,0.00
"Digitale, Alfred",1306059197,1.00,1.00,1.00,1.00,6.00,3.00,0.00,56.00,0.00,3.00,Area Sales Manager,NH,3062,09/14/88,M ,Married,US Citizen,No,American Indian or Alaska Native,8/18/2014,,N/A - still employed,Active,Sales,John Smith,17.00,Pay Per Click - Google,Fully Meets,3.60,5.00,0.00,1/30/2019,0.00
"Friedman, Gerry",1204032843,0.00,0.00,1.00,1.00,6.00,3.00,1.00,55.50,0.00,3.00,Area Sales Manager,NY,10171,02/24/69,M ,Single,US Citizen,Yes,Two or more races,03-07-2011,,N/A - still employed,Active,Sales,John Smith,17.00,Diversity Job Fair,Fully Meets,3.65,5.00,0.00,1/17/2019,0.00
"Gill, Whitney  ",1302053046,0.00,4.00,0.00,4.00,6.00,3.00,0.00,55.00,1.00,3.00,Area Sales Manager,OH,43050,07-10-1971,F,Widowed,US Citizen,No,Black or African American,07-07-2014,09-05-2015,attendance,Terminated for Cause,Sales,John Smith,17.00,Monster.com,Fully Meets,3.97,4.00,0.00,,
"Gonzales, Ricardo",1411071481,1.00,1.00,1.00,1.00,6.00,3.00,0.00,55.50,0.00,3.00,Area Sales Manager,ID,83706,10-12-1954,M ,Married,US Citizen,No,White,05-12-2014,,N/A - still employed,Active,Sales,John Smith,17.00,Monster.com,Fully Meets,3.98,3.00,0.00,1/28/2019,0.00
"Guilianno, Mike",1001167253,0.00,0.00,1.00,5.00,6.00,3.00,0.00,55.00,1.00,3.00,Area Sales Manager,TN,37129,02-09-1969,M ,Single,US Citizen,No,Two or more races,03-07-2011,10/31/14,relocation out of area,Voluntarily Terminated,Sales,John Smith,17.00,Newspager/Magazine,Fully Meets,4.50,5.00,0.00,,
"Leruth, Giovanni",1412071660,0.00,3.00,1.00,1.00,6.00,3.00,0.00,55.00,0.00,3.00,Area Sales Manager,UT,84111,12/27/88,M ,Separated,US Citizen,No,Black or African American,4/30/2012,,N/A - still employed,Active,Sales,John Smith,17.00,Website Banner Ads,Fully Meets,4.53,3.00,0.00,1/29/2019,0.00
"Mullaney, Howard",1306057978,0.00,0.00,1.00,1.00,6.00,1.00,0.00,55.00,0.00,3.00,Area Sales Manager,AL,36006,11-02-1975,M ,Single,US Citizen,No,Two or more races,9/29/2014,,N/A - still employed,Active,Sales,John Smith,17.00,Internet Search,PIP,1.93,3.00,0.00,1/30/2019,0.00
"Ozark, Travis",812011761,0.00,0.00,1.00,1.00,6.00,3.00,0.00,55.00,0.00,3.00,Area Sales Manager,NC,27229,05/19/82,M ,Single,US Citizen,No,White,01-05-2015,,N/A - still employed,Active,Sales,John Smith,17.00,Website Banner Ads,Fully Meets,5.00,5.00,0.00,1/14/2019,0.00
"Strong, Caitrin",1411071295,1.00,1.00,0.00,1.00,6.00,3.00,0.00,54.00,0.00,3.00,Area Sales Manager,MT,59102,05-12-1989,F,Married,US Citizen,No,Black or African American,9/27/2010,,N/A - still employed,Active,Sales,John Smith,17.00,Professional Society,Fully Meets,2.00,4.00,0.00,1/31/2019,0.00
"Valentin,Jackie",1312063714,1.00,1.00,0.00,1.00,6.00,3.00,0.00,55.00,0.00,3.00,Area Sales Manager,AZ,85006,05/23/91,F,Married,US Citizen,No,Two or more races,07-05-2011,,N/A - still employed,Active,Sales,John Smith,17.00,Other,Fully Meets,2.81,3.00,0.00,1/17/2019,0.00
"Villanueva, Noah",1111030503,0.00,0.00,1.00,1.00,6.00,3.00,0.00,56.00,0.00,3.00,Area Sales Manager,ME,4063,07-11-1989,M ,Single,US Citizen,No,Asian,03-05-2012,,N/A - still employed,Active,Sales,John Smith,17.00,Website Banner Ads,Fully Meets,1.77,4.00,0.00,1/18/2019,0.00
"Buck, Edward",1504073313,1.00,1.00,1.00,1.00,6.00,3.00,0.00,55.00,0.00,3.00,Area Sales Manager,MA,2330,07-07-1975,M ,Married,US Citizen,No,White,9/29/2014,,N/A - still employed,Active,Sales,Lynn Daneault,21.00,Employee Referral,Fully Meets,3.31,5.00,0.00,1/28/2019,0.00
"Costa, Latia",1409070567,0.00,0.00,0.00,1.00,6.00,4.00,0.00,55.00,0.00,3.00,Area Sales Manager,CA,90007,11-08-1988,F,Single,US Citizen,No,White,01-10-2011,,N/A - still employed,Active,Sales,Lynn Daneault,21.00,Other,Exceeds,4.77,5.00,0.00,1/27/2019,0.00
"Fraval, Maruk ",1411071302,0.00,0.00,1.00,1.00,6.00,3.00,0.00,55.00,0.00,3.00,Area Sales Manager,CT,6050,08/28/63,M ,Single,US Citizen,No,Black or African American,09-06-2011,,N/A - still employed,Active,Sales,Lynn Daneault,21.00,Monster.com,Fully Meets,1.64,3.00,0.00,1/27/2019,0.00
"Givens, Myriam",1203032099,0.00,0.00,0.00,1.00,6.00,3.00,0.00,55.00,0.00,3.00,Area Sales Manager,IN,46204,09/22/89,F,Single,US Citizen,No,White,2/16/2015,,N/A - still employed,Active,Sales,Lynn Daneault,21.00,Pay Per Click - Google,Fully Meets,1.72,5.00,0.00,1/25/2019,0.00
Jeremy Prater,1001084890,1.00,1.00,1.00,1.00,6.00,1.00,0.00,56.00,0.00,3.00,Area Sales Manager,NV,89139,05-09-1974,M ,Married,US Citizen,No,White,05-12-2014,,N/A - still employed,Active,Sales,Lynn Daneault,21.00,Website Banner Ads,PIP,1.81,2.00,0.00,1/17/2019,0.00
"Khemmich, Bartholemew",1104025008,0.00,0.00,1.00,1.00,6.00,3.00,0.00,55.00,0.00,3.00,Area Sales Manager,CO,80820,11/27/79,M ,Single,US Citizen,No,White,8/19/2013,,N/A - still employed,Active,Sales,Lynn Daneault,21.00,Pay Per Click - Google,Fully Meets,2.19,5.00,0.00,1/22/2019,0.00
"Martins, Joseph",1209048771,0.00,0.00,1.00,1.00,6.00,3.00,0.00,56.00,0.00,3.00,Area Sales Manager,TX,78207,06-11-1970,M ,Single,Eligible NonCitizen,No,Black or African American,5/14/2012,,N/A - still employed,Active,Sales,Lynn Daneault,21.00,Employee Referral,Fully Meets,2.94,5.00,0.00,1/19/2019,0.00
"McKinzie, Jac",1209049326,1.00,1.00,1.00,2.00,6.00,3.00,0.00,55.00,0.00,3.00,Area Sales Manager,TX,78789,07-01-1984,M ,Married,US Citizen,No,Two or more races,07-06-2016,,N/A - Has not started yet,Future Start,Sales,Lynn Daneault,21.00,Website Banner Ads,Fully Meets,2.91,4.00,0.00,1/29/2019,0.00
"Nguyen, Dheepa",1111030684,0.00,0.00,0.00,1.00,6.00,3.00,0.00,55.00,0.00,3.00,Area Sales Manager,GA,30428,03/31/89,F,Single,US Citizen,No,Two or more races,07-08-2013,,N/A - still employed,Active,Sales,Lynn Daneault,21.00,Pay Per Click - Google,Fully Meets,5.00,5.00,0.00,1/25/2019,0.00
"Onque, Jasmine",1501072180,0.00,0.00,0.00,1.00,6.00,3.00,0.00,57.00,0.00,3.00,Area Sales Manager,FL,33174,05-11-1990,F,Single,US Citizen,Yes,White,9/30/2013,,N/A - still employed,Active,Sales,Lynn Daneault,21.00,Pay Per Click - Google,Fully Meets,4.28,3.00,0.00,1/25/2019,0.00
"Potts, Xana",1102024106,1.00,1.00,0.00,1.00,6.00,3.00,0.00,55.00,0.00,3.00,Area Sales Manager,KY,40220,08/29/88,F,Married,US Citizen,No,Black or African American,01-09-2012,,N/A - still employed,Active,Sales,Lynn Daneault,21.00,Website Banner Ads,Fully Meets,4.20,5.00,0.00,02-01-2019,0.00
"Riordan, Michael",1502072711,0.00,3.00,1.00,1.00,6.00,4.00,0.00,55.00,0.00,3.00,Area Sales Manager,ND,58782,01/15/68,M ,Separated,US Citizen,No,White,01-09-2006,,N/A - still employed,Active,Sales,Lynn Daneault,21.00,Billboard,Exceeds,4.10,3.00,0.00,01-04-2019,0.00
"Terry, Sharlene ",1401064637,0.00,0.00,0.00,1.00,6.00,3.00,0.00,55.00,0.00,3.00,Area Sales Manager,OR,97756,05-07-1965,F,Single,US Citizen,No,Black or African American,9/29/2014,,N/A - still employed,Active,Sales,Lynn Daneault,21.00,Monster.com,Fully Meets,3.69,3.00,0.00,1/28/2019,0.00
"Rachael, Maggie",1009919940,1.00,1.00,0.00,1.00,3.00,3.00,0.00,45.00,0.00,4.00,BI Developer,MA,2110,05-12-1980,F,Married,US Citizen,No,Black or African American,10-02-2016,,N/A - still employed,Active,IT/IS,Brian Champaigne,13.00,Indeed,Fully Meets,2.02,4.00,6.00,02-06-2019,0.00
"Smith, Jason",1009919980,0.00,0.00,1.00,1.00,3.00,3.00,0.00,46.00,0.00,4.00,BI Developer,MA,2045,09-04-1983,M ,Single,US Citizen,No,White,2/15/2017,,N/A - still employed,Active,IT/IS,Brian Champaigne,13.00,Indeed,Fully Meets,3.01,5.00,7.00,1/23/2019,0.00
"Westinghouse, Matthew",1009919990,1.00,1.00,1.00,1.00,3.00,3.00,0.00,45.00,0.00,4.00,BI Developer,MA,2134,10/24/87,M ,Married,US Citizen,No,White,4/20/2017,,N/A - still employed,Active,IT/IS,Brian Champaigne,13.00,Indeed,Fully Meets,1.82,3.00,6.00,01-02-2019,0.00
"Hubert, Robert",1009920000,1.00,1.00,1.00,1.00,3.00,3.00,0.00,45.00,0.00,4.00,BI Developer,MA,2134,06/30/89,M ,Married,US Citizen,No,Black or African American,4/20/2017,,N/A - still employed,Active,IT/IS,Brian Champaigne,13.00,Indeed,Fully Meets,2.06,5.00,5.00,1/28/2019,0.00
"Champaigne, Brian",1009919920,1.00,1.00,1.00,1.00,3.00,3.00,0.00,63.50,0.00,5.00,BI Director,MA,2045,02-09-1972,M ,Married,US Citizen,No,White,09-06-2016,,N/A - still employed,Active,IT/IS,Jennifer Zamora,5.00,Professional Society,Fully Meets,4.50,5.00,7.00,1/15/2019,0.00
"Zamora, Jennifer",1112030816,0.00,0.00,0.00,1.00,3.00,4.00,0.00,65.00,0.00,6.00,CIO,MA,2067,08/30/79,F,Single,US Citizen,No,White,04-10-2010,,N/A - still employed,Active,IT/IS,Janet King,2.00,Employee Referral,Exceeds,1.12,5.00,6.00,2/21/2019,0.00
"Roper, Katie",1009919950,0.00,0.00,0.00,1.00,3.00,3.00,0.00,55.00,0.00,7.00,Data Architect,MA,2056,11/21/72,F,Single,US Citizen,No,Black or African American,01-07-2017,,N/A - still employed,Active,IT/IS,Brian Champaigne,13.00,Indeed,Fully Meets,4.94,3.00,5.00,02-06-2019,0.00
"Becker, Renee",1102024056,0.00,0.00,0.00,4.00,3.00,3.00,0.00,43.00,1.00,8.00,Database Administrator,MA,2026,04-04-1986,F,Single,US Citizen,Yes,White,07-07-2014,09-12-2015,performance,Terminated for Cause,IT/IS,Simon Roup,4.00,Search Engine - Google Bing Yahoo,Fully Meets,1.87,4.00,5.00,,
"Goble, Taisha",905013738,0.00,0.00,0.00,4.00,3.00,3.00,0.00,48.50,1.00,8.00,Database Administrator,MA,2127,10/23/71,F,Single,US Citizen,No,White,2/16/2015,03/15/15,"no-call, no-show",Terminated for Cause,IT/IS,Simon Roup,4.00,Glassdoor,Fully Meets,1.87,4.00,4.00,,
"Hernandez, Daniff",1410071156,1.00,1.00,1.00,4.00,3.00,3.00,0.00,40.10,1.00,8.00,Database Administrator,MA,1960,08-07-1986,M ,Married,US Citizen,No,Black or African American,2/16/2015,02/22/15,"no-call, no-show",Terminated for Cause,IT/IS,Simon Roup,4.00,Employee Referral,Fully Meets,4.33,3.00,7.00,,
"Horton, Jayne",1105025718,0.00,0.00,0.00,1.00,3.00,3.00,0.00,34.00,0.00,8.00,Database Administrator,MA,2493,02/21/84,F,Single,US Citizen,No,White,3/30/2015,,N/A - still employed,Active,IT/IS,Simon Roup,4.00,Glassdoor,Fully Meets,4.48,5.00,6.00,01-03-2019,0.00
"Johnson, Noelle ",1003018246,1.00,1.00,0.00,3.00,3.00,3.00,0.00,40.00,0.00,8.00,Database Administrator,MA,2301,11-07-1986,F,Married,US Citizen,No,Asian,01-05-2015,,N/A - still employed,Leave of Absence,IT/IS,Simon Roup,4.00,Glassdoor,Fully Meets,3.75,3.00,5.00,02-11-2019,0.00
"Murray, Thomas",1406068403,0.00,2.00,1.00,1.00,3.00,4.00,1.00,35.50,0.00,9.00,Data Analyst,TX,78230,07-04-1988,M ,Divorced,US Citizen,No,Black or African American,11-10-2014,,N/A - still employed,Active,IT/IS,Simon Roup,4.00,Diversity Job Fair,Exceeds,4.28,4.00,5.00,2/25/2019,0.00
"Pearson, Randall",1102023965,1.00,1.00,1.00,5.00,3.00,3.00,0.00,41.00,1.00,9.00,Data Analyst,MA,2747,09-05-1984,M ,Married,US Citizen,No,White,12-01-2014,05-01-2016,performance,Voluntarily Terminated,IT/IS,Simon Roup,4.00,Employee Referral,Fully Meets,1.62,4.00,5.00,,
"Petrowsky, Thelma",1108027853,1.00,1.00,0.00,1.00,3.00,4.00,0.00,42.75,0.00,9.00,Data Analyst,MA,1886,09/16/84,F,Married,US Citizen,No,Asian,11-10-2014,,N/A - still employed,Active,IT/IS,Simon Roup,4.00,Employee Referral,Exceeds,3.71,5.00,7.00,01-04-2019,0.00
"Roby, Lori ",1407068885,1.00,1.00,0.00,1.00,3.00,3.00,0.00,39.55,0.00,9.00,Data Analyst,MA,1886,10-11-1981,F,Married,US Citizen,No,White,2/16/2015,,N/A - still employed,Active,IT/IS,Simon Roup,4.00,Employee Referral,Fully Meets,3.69,5.00,6.00,2/14/2019,0.00
"Rogers, Ivan",1203032255,1.00,1.00,1.00,1.00,3.00,3.00,0.00,42.20,0.00,9.00,Data Analyst,MA,1810,08/26/86,M ,Married,US Citizen,No,White,3/30/2015,,N/A - still employed,Active,IT/IS,Simon Roup,4.00,Pay Per Click - Google,Fully Meets,3.04,3.00,6.00,1/22/2019,0.00
"Salter, Jason",1111030148,0.00,2.00,1.00,5.00,3.00,3.00,0.00,45.00,1.00,9.00,Data Analyst ,MA,2452,12/17/87,M ,Divorced,US Citizen,No,Black or African American,01-05-2015,10/31/15,hours,Voluntarily Terminated,IT/IS,Simon Roup,4.00,Vendor Referral,Fully Meets,2.19,3.00,5.00,,
"Simard, Kramer",808010278,1.00,1.00,1.00,1.00,3.00,3.00,0.00,30.20,0.00,9.00,Data Analyst,MA,2110,02-08-1970,M ,Married,US Citizen,Yes,White,01-05-2015,,N/A - still employed,Active,IT/IS,Simon Roup,4.00,Employee Referral,Fully Meets,3.32,3.00,7.00,1/14/2019,0.00
"Zhou, Julia",1110029732,0.00,0.00,0.00,1.00,3.00,3.00,0.00,31.40,0.00,9.00,Data Analyst,MA,2148,02/24/79,F,Single,US Citizen,No,White,3/30/2015,,N/A - still employed,Active,IT/IS,Simon Roup,4.00,Employee Referral,Fully Meets,5.00,3.00,5.00,02-01-2019,0.00
"Bramante, Elisa",1006020066,0.00,0.00,0.00,1.00,5.00,4.00,0.00,60.00,0.00,10.00,Director of Operations,MA,2030,03/19/83,F,Single,US Citizen,No,Black or African American,01-05-2009,,N/A - still employed,Active,Production       ,Janet King,2.00,Other,Exceeds,3.02,5.00,0.00,02-04-2019,0.00
"Houlihan, Debra",1009021646,1.00,1.00,0.00,1.00,6.00,3.00,0.00,60.00,0.00,11.00,Director of Sales,RI,2908,03/17/66,F,Married,US Citizen,No,White,05-05-2014,,N/A - still employed,Active,Sales,Janet King,2.00,MBTA ads,Fully Meets,1.22,4.00,0.00,1/21/2019,0.00
"Foss, Jason",1192991000,0.00,0.00,1.00,1.00,3.00,4.00,0.00,65.00,0.00,12.00,IT Director,MA,1460,07-05-1980,M ,Single,US Citizen,No,Black or African American,4/15/2011,,N/A - still employed,Active,IT/IS,Jennifer Zamora,5.00,Professional Society,Exceeds,3.76,5.00,5.00,01-07-2019,0.00
"Roup,Simon",1106026933,0.00,0.00,1.00,1.00,3.00,3.00,0.00,62.00,0.00,13.00,IT Manager - DB,MA,2481,04-05-1973,M ,Single,US Citizen,No,White,1/20/2013,,N/A - still employed,Active,IT/IS,Jennifer Zamora,5.00,Professional Society,Fully Meets,2.96,5.00,7.00,2/18/2019,0.00
"Ruiz, Ricardo",1001175250,0.00,2.00,1.00,5.00,3.00,3.00,1.00,21.00,1.00,13.00,IT Manager - DB,MA,1915,01-04-1964,M ,Divorced,US Citizen,No,Two or more races,01-09-2012,11-04-2015,hours,Voluntarily Terminated,IT/IS,Jennifer Zamora,5.00,Diversity Job Fair,Fully Meets,2.51,4.00,6.00,,
"Monroe, Peter",1011022863,1.00,1.00,1.00,1.00,3.00,2.00,1.00,63.00,0.00,13.00,IT Manager - Infra,MA,2134,10-05-1986,M ,Married,Eligible NonCitizen,Yes,Hispanic,2/15/2012,,N/A - still employed,Active,IT/IS,Jennifer Zamora,5.00,Diversity Job Fair,Needs Improvement,2.39,3.00,6.00,2/22/2019,0.00
"Dougall, Eric",1101023754,0.00,0.00,1.00,1.00,3.00,4.00,0.00,64.00,0.00,13.00,IT Manager - Support,MA,1886,07-09-1970,M ,Single,US Citizen,No,White,01-05-2014,,N/A - still employed,Active,IT/IS,Jennifer Zamora,5.00,Professional Society,Exceeds,1.99,5.00,5.00,01-04-2019,0.00
"Clayton, Rick",1301052902,0.00,0.00,1.00,1.00,3.00,3.00,0.00,28.99,0.00,14.00,IT Support,MA,2170,09-05-1985,M ,Single,US Citizen,No,White,09-05-2012,,N/A - still employed,Active,IT/IS,Eric Dougall,6.00,Glassdoor,Fully Meets,2.55,3.00,6.00,2/27/2019,0.00
"Galia, Lisa",1501072093,0.00,0.00,0.00,1.00,3.00,3.00,0.00,31.40,0.00,14.00,IT Support,CT,6040,07-06-1968,F,Single,US Citizen,No,White,05-01-2010,,N/A - still employed,Active,IT/IS,Eric Dougall,6.00,Vendor Referral,Fully Meets,1.21,4.00,5.00,02-01-2019,0.00
"Lindsay, Leonara ",602000312,0.00,0.00,0.00,1.00,3.00,4.00,1.00,26.00,0.00,14.00,IT Support,CT,6070,10-05-1988,F,Single,US Citizen,Yes,Two or more races,1/21/2011,,N/A - still employed,Active,IT/IS,Eric Dougall,6.00,Diversity Job Fair,Exceeds,4.64,4.00,5.00,1/25/2019,0.00
"Soto, Julia ",1203032263,1.00,1.00,0.00,1.00,3.00,3.00,0.00,27.49,0.00,14.00,IT Support,MA,2360,03-12-1973,F,Married,US Citizen,No,Black or African American,06-10-2011,,N/A - still employed,Active,IT/IS,Eric Dougall,6.00,Information Session,Fully Meets,4.30,3.00,5.00,02-08-2019,0.00
"Bacong, Alejandro ",1212052023,0.00,2.00,1.00,1.00,3.00,3.00,0.00,45.00,0.00,14.00,IT Support,MA,1886,01-07-1988,M ,Divorced,US Citizen,No,White,01-05-2015,,N/A - still employed,Active,IT/IS,Peter Monroe,7.00,Glassdoor,Fully Meets,1.84,5.00,6.00,2/18/2019,0.00
"Cisco, Anthony",1102024173,1.00,1.00,1.00,1.00,3.00,3.00,0.00,42.00,0.00,14.00,IT Support,MA,2135,11/24/89,M ,Married,US Citizen,Yes,White,3/30/2015,,N/A - still employed,Active,IT/IS,Peter Monroe,7.00,Information Session,Fully Meets,2.21,5.00,7.00,01-10-2019,0.00
"Dolan, Linda",1101023540,1.00,1.00,0.00,1.00,3.00,3.00,0.00,37.00,0.00,14.00,IT Support,MA,2119,07/18/88,F,Married,US Citizen,No,White,01-05-2015,,N/A - still employed,Active,IT/IS,Peter Monroe,7.00,Employee Referral,Fully Meets,4.11,4.00,6.00,2/25/2019,0.00
"Gonzalez, Maria",1988299991,0.00,3.00,0.00,1.00,3.00,3.00,0.00,39.00,0.00,14.00,IT Support,MA,2472,04/16/81,F,Separated,US Citizen,Yes,White,01-05-2015,,N/A - still employed,Active,IT/IS,Peter Monroe,7.00,Employee Referral,Fully Meets,4.61,4.00,5.00,1/28/2019,0.00
"Merlos, Carlos",1012023013,0.00,0.00,1.00,1.00,3.00,1.00,0.00,43.00,0.00,15.00,Network Engineer,MA,2138,06/18/87,M ,Single,US Citizen,No,White,3/30/2015,,N/A - still employed,Active,IT/IS,Peter Monroe,7.00,Vendor Referral,PIP,1.20,3.00,6.00,02-04-2019,0.00
"Morway, Tanya",1001956578,1.00,1.00,0.00,1.00,3.00,3.00,0.00,27.00,0.00,15.00,Network Engineer,MA,2048,04-04-1979,F,Married,US Citizen,No,White,2/16/2015,,N/A - still employed,Active,IT/IS,Peter Monroe,7.00,Monster.com,Fully Meets,3.81,3.00,6.00,02-11-2019,0.00
"Shepard, Anita ",906014183,1.00,1.00,0.00,1.00,3.00,3.00,0.00,47.00,0.00,15.00,Network Engineer,MA,1773,04/14/81,F,Married,US Citizen,No,White,9/30/2014,,N/A - still employed,Active,IT/IS,Peter Monroe,7.00,Vendor Referral,Fully Meets,3.31,3.00,6.00,01-07-2019,0.00
"Tredinnick, Neville ",1104025466,1.00,1.00,1.00,5.00,3.00,3.00,0.00,28.00,1.00,15.00,Network Engineer,MA,1420,05-05-1988,M ,Married,US Citizen,No,White,01-05-2015,05-12-2015,medical issues,Voluntarily Terminated,IT/IS,Peter Monroe,7.00,Monster.com,Fully Meets,5.00,3.00,5.00,,
"Turpin, Jumil",1411071506,1.00,1.00,1.00,1.00,3.00,3.00,0.00,49.10,0.00,15.00,Network Engineer,MA,2343,03/31/69,M ,Married,Eligible NonCitizen,No,White,3/30/2015,,N/A - still employed,Active,IT/IS,Peter Monroe,7.00,Employee Referral,Fully Meets,5.00,4.00,7.00,1/14/2019,0.00
"King, Janet",1001495124,1.00,1.00,0.00,1.00,2.00,3.00,0.00,80.00,0.00,16.00,President & CEO,MA,1902,09/21/54,F,Married,US Citizen,Yes,White,07-02-2012,,N/A - still employed,Active,Executive Office,Board of Directors,9.00,Pay Per Click - Google,Fully Meets,4.83,3.00,0.00,1/17/2019,0.00
"Albert, Michael  ",1501072311,0.00,2.00,1.00,1.00,5.00,3.00,0.00,54.50,0.00,17.00,Production Manager,MA,2169,10-10-1968,M ,Divorced,US Citizen,No,White,08-01-2011,,N/A - still employed,Active,Production       ,Janet King,2.00,Employee Referral,Fully Meets,3.93,3.00,0.00,2/27/2019,0.00
"Bozzi, Charles",1303054580,0.00,0.00,1.00,5.00,5.00,3.00,0.00,50.50,1.00,18.00,Production Manager,MA,1901,03-10-1970,M ,Single,US Citizen,No,Asian,9/30/2013,08-07-2014,retiring,Voluntarily Terminated,Production       ,Janet King,2.00,Billboard,Fully Meets,3.39,3.00,0.00,,
"Butler, Webster  L",1110029990,0.00,0.00,1.00,1.00,5.00,4.00,0.00,55.00,0.00,18.00,Production Manager,MA,2169,08-09-1983,M ,Single,US Citizen,No,White,1/28/2016,,N/A - still employed,Active,Production       ,Janet King,2.00,Pay Per Click - Google,Exceeds,5.00,3.00,0.00,2/22/2019,0.00
"Dunn, Amy  ",1409070147,0.00,0.00,0.00,1.00,5.00,3.00,0.00,51.00,0.00,18.00,Production Manager,MA,1731,11/28/73,F,Single,US Citizen,No,White,9/18/2014,,N/A - still employed,Active,Production       ,Janet King,2.00,Search Engine - Google Bing Yahoo,Fully Meets,4.52,4.00,0.00,1/15/2019,0.00
"Gray, Elijiah  ",1307060077,0.00,2.00,1.00,1.00,5.00,3.00,0.00,54.00,0.00,18.00,Production Manager,MA,1752,07-11-1981,M ,Divorced,US Citizen,No,White,06-02-2015,,N/A - still employed,Active,Production       ,Janet King,2.00,Employee Referral,Fully Meets,4.63,3.00,0.00,01-04-2019,0.00
"Hogland, Jonathan ",1001944783,1.00,1.00,1.00,4.00,5.00,3.00,0.00,48.50,1.00,18.00,Production Manager,MA,1890,07-01-1972,M ,Married,US Citizen,No,White,01-10-2011,12-12-2015,attendance,Terminated for Cause,Production       ,Janet King,2.00,Employee Referral,Fully Meets,4.78,4.00,0.00,,
"Immediato, Walter",1403065874,1.00,1.00,1.00,5.00,5.00,2.00,0.00,42.00,1.00,18.00,Production Manager,MA,2128,11/15/76,M ,Married,US Citizen,No,Asian,2/21/2011,09/24/12,unhappy,Voluntarily Terminated,Production       ,Janet King,2.00,Other,Needs Improvement,2.34,2.00,0.00,,
"Liebig, Ketsia",1103024679,1.00,1.00,0.00,1.00,5.00,4.00,0.00,55.00,0.00,18.00,Production Manager,MA,2110,10/26/81,F,Married,US Citizen,No,White,9/30/2013,,N/A - still employed,Active,Production       ,Janet King,2.00,Website Banner Ads,Exceeds,3.66,3.00,0.00,1/21/2019,0.00
"Miller, Brannon",1107027351,0.00,0.00,1.00,1.00,5.00,3.00,0.00,53.00,0.00,18.00,Production Manager,MA,2045,08-10-1981,M ,Single,US Citizen,yes,Hispanic,8/16/2012,,N/A - still employed,Active,Production       ,Janet King,2.00,Internet Search,Fully Meets,4.37,3.00,0.00,1/14/2019,0.00
"Peterson, Ebonee  ",1402065355,1.00,1.00,0.00,5.00,5.00,3.00,0.00,38.50,1.00,18.00,Production Manager,MA,2030,05-09-1977,F,Married,US Citizen,No,White,10/25/2010,05/18/16,Another position,Voluntarily Terminated,Production       ,Janet King,2.00,Internet Search,Fully Meets,4.16,5.00,0.00,,
"Spirea, Kelley",1102024149,1.00,1.00,0.00,1.00,5.00,3.00,0.00,52.00,0.00,18.00,Production Manager,MA,2451,09/30/75,F,Married,US Citizen,No,White,10-02-2012,,N/A - still employed,Active,Production       ,Janet King,2.00,Vendor Referral,Fully Meets,4.83,5.00,0.00,2/14/2019,0.00
"Stanley, David ",1000974650,0.00,2.00,1.00,1.00,5.00,2.00,0.00,53.00,0.00,18.00,Production Manager,MA,1803,12/17/75,M ,Divorced,US Citizen,No,White,7/20/2010,,N/A - still employed,Active,Production       ,Janet King,2.00,Monster.com,Needs Improvement,4.13,2.00,0.00,1/14/2019,0.00
"Sullivan, Kissy ",1405067298,1.00,1.00,0.00,1.00,5.00,3.00,0.00,55.00,0.00,18.00,Production Manager,MA,1776,03/28/78,F,Married,US Citizen,No,Black or African American,01-08-2009,,N/A - still employed,Active,Production       ,Janet King,2.00,Billboard,Fully Meets,3.73,4.00,0.00,1/24/2019,0.00
"Wallace, Courtney  E",1410071026,1.00,1.00,0.00,5.00,5.00,3.00,1.00,33.50,1.00,18.00,Production Manager,MA,2478,11/14/55,F,Married,US Citizen,No,Black or African American,9/26/2011,01-02-2012,Another position,Voluntarily Terminated,Production       ,Janet King,2.00,Diversity Job Fair,Fully Meets,1.18,3.00,0.00,,
"Anderson, Linda  ",1304055947,0.00,0.00,0.00,1.00,5.00,4.00,0.00,23.00,0.00,19.00,Production Technician I,MA,1844,05/22/77,F,Single,US Citizen,No,White,01-09-2012,,N/A - still employed,Active,Production       ,Amy Dunn,11.00,MBTA ads,Exceeds,5.00,5.00,0.00,01-07-2019,0.00
"Bernstein, Sean",1109029366,0.00,0.00,1.00,1.00,5.00,3.00,0.00,16.00,0.00,19.00,Production Technician I,MA,2072,12/22/70,M ,Single,US Citizen,Yes,White,04-02-2012,,N/A - still employed,Active,Production       ,Amy Dunn,11.00,Word of Mouth,Fully Meets,5.00,3.00,0.00,1/14/2019,0.00
"Chivukula, Enola",1101023394,0.00,0.00,0.00,5.00,5.00,3.00,0.00,21.00,1.00,19.00,Production Technician I,MA,1775,08/27/83,F,Single,US Citizen,No,White,6/27/2011,11/15/15,relocation out of area,Voluntarily Terminated,Production       ,Amy Dunn,11.00,Other,Fully Meets,2.00,4.00,0.00,,
"Desimone, Carl ",1501072124,1.00,1.00,1.00,1.00,5.00,1.00,0.00,20.00,0.00,19.00,Production Technician I,MA,2061,04/19/67,M ,Married,US Citizen,No,White,07-07-2014,,N/A - still employed,Active,Production       ,Amy Dunn,11.00,Professional Society,PIP,1.12,2.00,0.00,1/31/2019,0.00
"Fernandes, Nilson  ",1302053339,1.00,1.00,1.00,1.00,5.00,1.00,0.00,18.00,0.00,19.00,Production Technician I,MA,2132,10/18/89,M ,Married,US Citizen,No,White,05-11-2015,,N/A - still employed,Active,Production       ,Amy Dunn,11.00,Professional Society,PIP,1.56,5.00,0.00,01-03-2019,0.00
"Girifalco, Evelyn",1204032927,0.00,0.00,0.00,1.00,5.00,4.00,0.00,16.00,0.00,19.00,Production Technician I,MA,2451,05-08-1980,F,Single,US Citizen,Yes,Two or more races,9/29/2014,,N/A - still employed,Active,Production       ,Amy Dunn,11.00,Professional Society,Exceeds,3.39,4.00,0.00,02-07-2019,0.00
"Harrison, Kara",1404066622,1.00,1.00,0.00,1.00,5.00,4.00,0.00,20.00,0.00,19.00,Production Technician I,MA,1886,05-02-1974,F,Married,US Citizen,No,White,05-12-2014,,N/A - still employed,Active,Production       ,Amy Dunn,11.00,Monster.com,Exceeds,4.76,4.00,0.00,2/15/2019,0.00
"Kirill, Alexandra  ",903013071,1.00,1.00,0.00,5.00,5.00,3.00,0.00,24.00,1.00,19.00,Production Technician I,MA,2127,10-08-1970,F,Married,US Citizen,No,White,9/26/2011,01-09-2012,more money,Voluntarily Terminated,Production       ,Amy Dunn,11.00,Search Engine - Google Bing Yahoo,Fully Meets,3.49,4.00,0.00,,
"MacLennan, Samuel",1201031032,0.00,4.00,1.00,5.00,5.00,3.00,0.00,15.00,1.00,19.00,Production Technician I,MA,1938,11-09-1972,M ,Widowed,US Citizen,No,White,9/24/2012,09/26/12,hours,Voluntarily Terminated,Production       ,Amy Dunn,11.00,Pay Per Click,Fully Meets,3.08,4.00,0.00,,
"Ndzi, Horia",1204033044,1.00,1.00,1.00,5.00,5.00,3.00,0.00,22.00,1.00,19.00,Production Technician I,MA,2421,03/28/83,M ,Married,US Citizen,No,White,04-01-2013,05/25/16,more money,Voluntarily Terminated,Production       ,Amy Dunn,11.00,Employee Referral,Fully Meets,3.18,3.00,0.00,,
"Perry, Shakira",1109029186,0.00,0.00,0.00,5.00,5.00,3.00,0.00,22.00,1.00,19.00,Production Technician I,MA,2176,07/20/86,F,Single,US Citizen,No,White,5/16/2011,10/25/15,medical issues,Voluntarily Terminated,Production       ,Amy Dunn,11.00,MBTA ads,Fully Meets,3.45,4.00,0.00,,
"Robinson, Alain  ",1206038000,1.00,1.00,1.00,5.00,5.00,3.00,0.00,24.00,1.00,19.00,Production Technician I,MA,1420,01-07-1974,M ,Married,US Citizen,No,Black or African American,01-10-2011,01/26/16,attendance,Voluntarily Terminated,Production       ,Amy Dunn,11.00,Glassdoor,Fully Meets,5.00,3.00,0.00,,
"Shields, Seffi",1205033102,1.00,1.00,0.00,1.00,5.00,3.00,0.00,15.00,0.00,19.00,Production Technician I,MA,2149,08/24/85,F,Married,US Citizen,No,White,8/19/2013,,N/A - still employed,Active,Production       ,Amy Dunn,11.00,Newspager/Magazine,Fully Meets,4.81,4.00,0.00,2/15/2019,0.00
"Theamstern, Sophia",1404066739,0.00,0.00,0.00,5.00,5.00,3.00,0.00,20.00,1.00,19.00,Production Technician I,MA,2066,05-09-1965,F,Single,US Citizen,No,White,07-05-2011,09-05-2011,return to school,Voluntarily Terminated,Production       ,Amy Dunn,11.00,Billboard,Fully Meets,3.98,4.00,0.00,,
"Wilber, Barry",1101023839,1.00,1.00,1.00,5.00,5.00,3.00,0.00,21.00,1.00,19.00,Production Technician I,MA,2324,09-09-1965,M ,Married,Eligible NonCitizen,No,White,5/16/2011,09-07-2015,unhappy,Voluntarily Terminated,Production       ,Amy Dunn,11.00,Website Banner Ads,Fully Meets,5.00,3.00,0.00,,
"Bachiochi, Linda",1212051409,0.00,0.00,0.00,3.00,5.00,3.00,1.00,22.00,0.00,19.00,Production Technician I,MA,1902,02-11-1970,F,Single,US Citizen,No,Two or more races,07-06-2009,,N/A - still employed,Leave of Absence,Production       ,Brannon Miller,12.00,Diversity Job Fair,Fully Meets,4.46,3.00,0.00,1/25/2019,0.00
"Billis, Helen",1308060366,1.00,1.00,0.00,1.00,5.00,4.00,0.00,16.00,0.00,19.00,Production Technician I,MA,2031,09-01-1989,F,Married,US Citizen,No,White,07-07-2014,,N/A - still employed,Active,Production       ,Brannon Miller,12.00,Professional Society,Exceeds,5.00,3.00,0.00,2/27/2019,0.00
"Clukey, Elijian",1407069280,1.00,1.00,1.00,2.00,5.00,4.00,0.00,24.75,0.00,19.00,Production Technician I,MA,2134,08/26/80,M ,Married,US Citizen,No,White,07-06-2016,,N/A - Has not started yet,Future Start,Production       ,Brannon Miller,12.00,Employee Referral,Exceeds,1.97,4.00,0.00,2/28/2019,0.00
"DiNocco, Lily ",1209048696,1.00,1.00,0.00,1.00,5.00,2.00,0.00,22.00,0.00,19.00,Production Technician I,MA,2351,12-02-1978,F,Married,US Citizen,No,Black or African American,01-07-2013,,N/A - still employed,Active,Production       ,Brannon Miller,12.00,Pay Per Click - Google,Needs Improvement,3.88,4.00,0.00,1/18/2019,0.00
"Fidelia,  Libby",1006020020,1.00,1.00,0.00,1.00,5.00,3.00,0.00,24.00,0.00,19.00,Production Technician I,MA,2155,03/16/81,F,Married,US Citizen,No,White,01-09-2012,,N/A - still employed,Active,Production       ,Brannon Miller,12.00,Social Networks - Facebook Twitter etc,Fully Meets,5.00,5.00,0.00,1/29/2019,0.00
"Gonzalez, Cayo",1411071212,0.00,2.00,1.00,1.00,5.00,4.00,1.00,16.00,0.00,19.00,Production Technician I,MA,2108,09/29/69,M ,Divorced,US Citizen,No,American Indian or Alaska Native,07-11-2011,,N/A - still employed,Active,Production       ,Brannon Miller,12.00,Diversity Job Fair,Exceeds,1.83,4.00,0.00,2/18/2019,0.00
"Ivey, Rose ",1408069882,0.00,0.00,0.00,1.00,5.00,3.00,0.00,16.00,0.00,19.00,Production Technician I,MA,1775,01/28/91,F,Single,US Citizen,No,White,8/19/2013,,N/A - still employed,Active,Production       ,Brannon Miller,12.00,Professional Society,Fully Meets,3.99,3.00,0.00,1/14/2019,0.00
"Kretschmer, John",1311062610,1.00,1.00,1.00,1.00,5.00,3.00,0.00,21.00,0.00,19.00,Production Technician I,MA,1801,02-02-1980,M ,Married,US Citizen,No,Asian,01-10-2011,,N/A - still employed,Active,Production       ,Brannon Miller,12.00,Pay Per Click - Google,Fully Meets,3.38,3.00,0.00,1/21/2019,0.00
"Mangal, Debbie",1308060754,1.00,1.00,0.00,1.00,5.00,3.00,0.00,23.00,0.00,19.00,Production Technician I,MA,2451,11-07-1974,F,Married,US Citizen,No,White,11-11-2013,,N/A - still employed,Active,Production       ,Brannon Miller,12.00,On-campus Recruiting,Fully Meets,1.04,3.00,0.00,1/22/2019,0.00
"Ngodup, Shari ",1403066020,0.00,3.00,0.00,1.00,5.00,4.00,1.00,15.00,0.00,19.00,Production Technician I,MA,1810,06-03-1967,F,Separated,US Citizen,No,Asian,04-01-2013,,N/A - still employed,Active,Production       ,Brannon Miller,12.00,Diversity Job Fair,Exceeds,1.12,3.00,0.00,2/13/2019,0.00
"Pham, Hong",1305057440,1.00,1.00,1.00,5.00,5.00,3.00,0.00,18.00,1.00,19.00,Production Technician I,MA,2451,03-06-1988,M ,Married,US Citizen,No,White,07-05-2011,11/30/12,more money,Voluntarily Terminated,Production       ,Brannon Miller,12.00,Search Engine - Google Bing Yahoo,Fully Meets,5.00,3.00,0.00,,
"Robinson, Elias",1011022887,0.00,4.00,1.00,1.00,5.00,4.00,0.00,17.00,0.00,19.00,Production Technician I,MA,1730,01/28/85,M ,Widowed,US Citizen,No,White,07-08-2013,,N/A - still employed,Active,Production       ,Brannon Miller,12.00,Employee Referral,Exceeds,3.02,5.00,0.00,02-11-2019,0.00
"Sparks, Taylor  ",1410071137,1.00,1.00,0.00,1.00,5.00,1.00,0.00,16.00,0.00,19.00,Production Technician I,MA,2093,07/20/68,F,Married,US Citizen,No,White,2/20/2012,,N/A - still employed,Active,Production       ,Brannon Miller,12.00,Billboard,PIP,4.11,2.00,0.00,2/25/2019,0.00
"Tippett, Jeanette",1409070255,0.00,2.00,0.00,1.00,5.00,3.00,0.00,24.00,0.00,19.00,Production Technician I,MA,2093,06-05-1967,F,Divorced,US Citizen,No,Black or African American,2/18/2013,,N/A - still employed,Active,Production       ,Brannon Miller,12.00,Billboard,Fully Meets,4.21,5.00,0.00,1/14/2019,0.00
"Ybarra, Catherine ",1001268402,0.00,0.00,0.00,5.00,5.00,1.00,0.00,22.00,1.00,19.00,Production Technician I,MA,2458,05-04-1982,F,Single,US Citizen,No,Asian,09-02-2008,09/29/15,Another position,Voluntarily Terminated,Production       ,Brannon Miller,12.00,Search Engine - Google Bing Yahoo,PIP,4.29,2.00,0.00,,
"Baczenski, Rachael  ",1307060083,1.00,1.00,0.00,5.00,5.00,3.00,1.00,17.00,1.00,19.00,Production Technician I,MA,1902,01-12-1974,F,Married,US Citizen,Yes,Hispanic,01-10-2011,01-12-2011,Another position,Voluntarily Terminated,Production       ,David Stanley,14.00,Diversity Job Fair,Fully Meets,1.79,4.00,0.00,,
"Brill, Donna",1406068293,1.00,1.00,0.00,5.00,5.00,3.00,0.00,20.00,1.00,19.00,Production Technician I,MA,1701,08/24/90,F,Married,US Citizen,No,White,04-02-2012,06/15/13,Another position,Voluntarily Terminated,Production       ,David Stanley,14.00,Search Engine - Google Bing Yahoo,Fully Meets,3.35,4.00,0.00,,
"Cockel, James",1599991009,0.00,0.00,1.00,1.00,5.00,3.00,0.00,15.00,0.00,19.00,Production Technician I,MA,2452,09-08-1977,M ,Single,US Citizen,No,White,07-08-2013,,N/A - still employed,Active,Production       ,David Stanley,14.00,Employee Referral,Fully Meets,1.51,5.00,0.00,1/14/2019,0.00
"Dobrin, Denisa  S",1202031618,0.00,0.00,0.00,1.00,5.00,3.00,0.00,16.75,0.00,19.00,Production Technician I,MA,2125,10-07-1986,F,Single,US Citizen,Yes,White,04-02-2012,,N/A - still employed,Active,Production       ,David Stanley,14.00,Monster.com,Fully Meets,2.79,5.00,0.00,2/19/2019,0.00
"Garcia, Raul",1309061015,0.00,0.00,1.00,1.00,5.00,3.00,0.00,19.00,0.00,19.00,Production Technician I,MA,1905,09/15/85,M ,Single,US Citizen,Yes,White,3/30/2015,,N/A - still employed,Active,Production       ,David Stanley,14.00,Employee Referral,Fully Meets,4.50,3.00,0.00,2/18/2019,0.00
"Gordon, David",1106026579,1.00,1.00,1.00,1.00,5.00,3.00,0.00,15.00,0.00,19.00,Production Technician I,MA,2169,05/21/79,M ,Married,US Citizen,No,White,07-02-2012,,N/A - still employed,Active,Production       ,David Stanley,14.00,MBTA ads,Fully Meets,5.00,3.00,0.00,1/14/2019,0.00
"Jackson, Maryellen",1201031438,0.00,0.00,0.00,1.00,5.00,3.00,0.00,20.00,0.00,19.00,Production Technician I,MA,2081,09-11-1972,F,Single,US Citizen,No,White,11-05-2012,,N/A - still employed,Active,Production       ,David Stanley,14.00,Newspager/Magazine,Fully Meets,2.32,3.00,0.00,1/17/2019,0.00
"Langton, Enrico",1304055987,1.00,1.00,1.00,1.00,5.00,3.00,0.00,17.00,0.00,19.00,Production Technician I,MA,2048,12-09-1986,M ,Married,US Citizen,No,White,07-09-2012,,N/A - still employed,Active,Production       ,David Stanley,14.00,Newspager/Magazine,Fully Meets,5.00,5.00,0.00,02-04-2019,0.00
"Maurice, Shana",1401064327,1.00,1.00,0.00,1.00,5.00,3.00,0.00,20.00,0.00,19.00,Production Technician I,MA,2330,11/22/77,F,Married,US Citizen,No,White,5/31/2011,,N/A - still employed,Active,Production       ,David Stanley,14.00,Other,Fully Meets,5.00,4.00,0.00,01-10-2019,0.00
"Nguyen, Lei-Ming",1203032357,0.00,0.00,0.00,1.00,5.00,3.00,0.00,19.00,0.00,19.00,Production Technician I,MA,2132,07-07-1984,F,Single,US Citizen,No,White,07-08-2013,,N/A - still employed,Active,Production       ,David Stanley,14.00,Vendor Referral,Fully Meets,2.79,5.00,0.00,01-02-2019,0.00
"Pitt, Brad ",1001735072,0.00,0.00,1.00,1.00,5.00,3.00,0.00,17.00,0.00,19.00,Production Technician I,MA,2451,11/23/81,M ,Single,US Citizen,No,Black or African American,11-05-2007,,N/A - still employed,Active,Production       ,David Stanley,14.00,Search Engine - Google Bing Yahoo,Fully Meets,3.66,3.00,0.00,2/25/2019,0.00
"Rose, Ashley  ",710007555,0.00,3.00,0.00,1.00,5.00,3.00,0.00,17.00,0.00,19.00,Production Technician I,MA,1886,12-05-1974,F,Separated,US Citizen,No,White,01-06-2014,,N/A - still employed,Active,Production       ,David Stanley,14.00,Website Banner Ads,Fully Meets,5.00,4.00,0.00,1/31/2019,0.00
"Squatrito, Kristen",1405067138,0.00,2.00,0.00,5.00,5.00,4.00,0.00,21.00,1.00,19.00,Production Technician I,MA,2359,03/26/73,F,Divorced,US Citizen,No,White,5/13/2013,06/29/15,unhappy,Voluntarily Terminated,Production       ,David Stanley,14.00,MBTA ads,Exceeds,1.97,4.00,0.00,,
"Trang, Mei",1012023152,0.00,0.00,0.00,1.00,5.00,2.00,0.00,22.00,0.00,19.00,Production Technician I,MA,2021,05/16/83,F,Single,US Citizen,No,White,2/17/2014,,N/A - still employed,Active,Production       ,David Stanley,14.00,Professional Society,Needs Improvement,2.44,5.00,0.00,02-11-2019,0.00
"Zima, Colleen",1211051232,0.00,4.00,0.00,1.00,5.00,3.00,0.00,15.00,0.00,19.00,Production Technician I,MA,1730,08/17/78,F,Widowed,US Citizen,No,Asian,9/29/2014,,N/A - still employed,Active,Production       ,David Stanley,14.00,On-campus Recruiting,Fully Meets,1.24,5.00,0.00,1/30/2019,0.00
"Alagbe,Trina",1011022883,1.00,1.00,0.00,1.00,5.00,3.00,0.00,21.00,0.00,19.00,Production Technician I,MA,1886,09/27/88,F,Married,US Citizen,No,White,01-07-2008,,N/A - still employed,Active,Production       ,Elijiah Gray,16.00,Billboard,Fully Meets,4.84,5.00,0.00,01-03-2019,0.00
"Beatrice, Courtney ",1403066194,0.00,0.00,0.00,1.00,5.00,3.00,0.00,22.00,0.00,19.00,Production Technician I,MA,1915,10/27/70,F,Single,Eligible NonCitizen,No,White,04-04-2011,,N/A - still employed,Active,Production       ,Elijiah Gray,16.00,Search Engine - Google Bing Yahoo,Fully Meets,5.00,5.00,0.00,1/14/2019,0.00
"Chan, Lin",1305057282,0.00,0.00,0.00,1.00,5.00,3.00,0.00,19.50,0.00,19.00,Production Technician I,MA,2170,02-12-1979,F,Single,US Citizen,No,White,05-12-2014,,N/A - still employed,Active,Production       ,Elijiah Gray,16.00,Internet Search,Fully Meets,2.73,4.00,0.00,2/19/2019,0.00
"Darson, Jene'ya ",1001109612,1.00,1.00,0.00,1.00,5.00,3.00,0.00,15.00,0.00,19.00,Production Technician I,MA,2110,11-05-1978,F,Married,US Citizen,No,White,07-02-2012,,N/A - still employed,Active,Production       ,Elijiah Gray,16.00,Billboard,Fully Meets,5.00,3.00,0.00,2/25/2019,0.00
"Evensen, April",1107027392,0.00,0.00,0.00,4.00,5.00,2.00,0.00,18.00,1.00,19.00,Production Technician I,MA,2458,05-06-1989,F,Single,US Citizen,No,White,2/17/2014,02/25/14,"no-call, no-show",Terminated for Cause,Production       ,Elijiah Gray,16.00,Word of Mouth,Needs Improvement,1.04,3.00,0.00,,
"Gerke, Melisa",1308060622,0.00,2.00,0.00,5.00,5.00,3.00,1.00,22.00,1.00,19.00,Production Technician I,MA,2330,05/15/70,F,Divorced,US Citizen,No,White,11-07-2011,11/15/11,hours,Voluntarily Terminated,Production       ,Elijiah Gray,16.00,Diversity Job Fair,Fully Meets,4.24,4.00,0.00,,
"Harrell, Ludwick",1406068241,1.00,1.00,1.00,1.00,5.00,3.00,0.00,21.00,0.00,19.00,Production Technician I,MA,1776,09-02-1982,M ,Married,US Citizen,No,Asian,5/14/2012,,N/A - still employed,Active,Production       ,Elijiah Gray,16.00,Search Engine - Google Bing Yahoo,Fully Meets,1.83,3.00,0.00,2/22/2019,0.00
"Jung, Judy  ",1107027450,1.00,1.00,0.00,5.00,5.00,3.00,0.00,21.00,1.00,19.00,Production Technician I,MA,2446,04/17/86,F,Married,US Citizen,No,White,01-10-2011,04-01-2016,unhappy,Voluntarily Terminated,Production       ,Elijiah Gray,16.00,Monster.com,Fully Meets,4.00,4.00,0.00,,
"Lydon, Allison",1101023353,1.00,1.00,0.00,3.00,5.00,3.00,0.00,20.00,0.00,19.00,Production Technician I,MA,2122,10/22/75,F,Married,US Citizen,No,Black or African American,2/16/2015,,N/A - still employed,Leave of Absence,Production       ,Elijiah Gray,16.00,Website Banner Ads,Fully Meets,5.00,3.00,0.00,1/23/2019,0.00
"Motlagh,  Dawn",1102024121,0.00,2.00,0.00,1.00,5.00,3.00,0.00,15.00,0.00,19.00,Production Technician I,MA,2453,07-07-1984,F,Divorced,US Citizen,No,White,04-01-2013,,N/A - still employed,Active,Production       ,Elijiah Gray,16.00,MBTA ads,Fully Meets,1.76,4.00,0.00,1/17/2019,0.00
"Panjwani, Nina",1109029531,1.00,1.00,0.00,5.00,5.00,3.00,0.00,18.00,1.00,19.00,Production Technician I,MA,2351,05-01-1979,F,Married,US Citizen,No,White,02-07-2011,01-12-2014,Another position,Voluntarily Terminated,Production       ,Elijiah Gray,16.00,Social Networks - Facebook Twitter etc,Fully Meets,3.89,4.00,0.00,,
"Rhoads, Thomas",1211050793,0.00,2.00,1.00,5.00,5.00,3.00,0.00,20.00,1.00,19.00,Production Technician I,MA,2176,07/22/82,M ,Divorced,US Citizen,Yes,White,5/16/2011,01/15/16,retiring,Voluntarily Terminated,Production       ,Elijiah Gray,16.00,Professional Society,Fully Meets,5.00,4.00,0.00,,
"Sander, Kamrin",1302053362,1.00,1.00,0.00,1.00,5.00,3.00,0.00,21.00,0.00,19.00,Production Technician I,MA,2154,07-10-1988,F,Married,US Citizen,No,Black or African American,9/29/2014,,N/A - still employed,Active,Production       ,Elijiah Gray,16.00,On-campus Recruiting,Fully Meets,3.51,3.00,0.00,2/18/2019,0.00
"Sutwell, Barbara",1407069061,0.00,0.00,0.00,1.00,5.00,3.00,0.00,14.00,0.00,19.00,Production Technician I,MA,2718,08/15/68,F,Single,Eligible NonCitizen,No,Asian,5/14/2012,,N/A - still employed,Active,Production       ,Elijiah Gray,16.00,Glassdoor,Fully Meets,2.77,5.00,0.00,1/31/2019,0.00
"Wallace, Theresa",1101023619,0.00,0.00,0.00,5.00,5.00,2.00,0.00,15.00,1.00,19.00,Production Technician I,MA,1887,08-02-1980,F,Single,US Citizen,No,White,8/13/2012,09-01-2015,career change,Voluntarily Terminated,Production       ,Elijiah Gray,16.00,Monster.com,Needs Improvement,1.27,3.00,0.00,,
"Barone, Francesco  A",1101023679,0.00,0.00,1.00,1.00,5.00,3.00,0.00,16.76,0.00,19.00,Production Technician I,MA,1810,07/20/83,M ,Single,US Citizen,No,Two or more races,2/20/2012,,N/A - still employed,Active,Production       ,Kelley Spirea,18.00,Social Networks - Facebook Twitter etc,Fully Meets,1.41,4.00,0.00,2/14/2019,0.00
"Carey, Michael  ",1311063114,0.00,0.00,1.00,1.00,5.00,3.00,0.00,20.00,0.00,19.00,Production Technician I,MA,1701,02-02-1983,M ,Single,US Citizen,No,Black or African American,3/31/2014,,N/A - still employed,Active,Production       ,Kelley Spirea,18.00,MBTA ads,Fully Meets,4.43,3.00,0.00,02-01-2019,0.00
"Cornett, Lisa ",1403066069,1.00,1.00,0.00,1.00,5.00,3.00,0.00,15.75,0.00,19.00,Production Technician I,MA,2189,03/31/77,F,Married,US Citizen,Yes,White,01-05-2015,,N/A - still employed,Active,Production       ,Kelley Spirea,18.00,Billboard,Fully Meets,4.73,5.00,0.00,2/14/2019,0.00
"Engdahl, Jean",1007020403,0.00,0.00,1.00,1.00,5.00,3.00,0.00,21.25,0.00,19.00,Production Technician I,MA,2026,05/31/74,M ,Single,US Citizen,No,White,11-10-2014,,N/A - still employed,Active,Production       ,Kelley Spirea,18.00,MBTA ads,Fully Meets,1.86,5.00,0.00,2/13/2019,0.00
"England, Rex",1101023612,1.00,1.00,1.00,1.00,5.00,3.00,0.00,21.00,0.00,19.00,Production Technician I,MA,2045,08/25/78,M ,Married,US Citizen,No,White,3/31/2014,,N/A - still employed,Active,Production       ,Kelley Spirea,18.00,Employee Referral,Fully Meets,2.05,3.00,0.00,01-11-2019,0.00
"Gaul, Barbara",1105026041,0.00,0.00,0.00,1.00,5.00,3.00,0.00,24.00,0.00,19.00,Production Technician I,MA,2121,12-02-1983,F,Single,US Citizen,Yes,Black or African American,5/16/2011,,N/A - still employed,Active,Production       ,Kelley Spirea,18.00,MBTA ads,Fully Meets,1.66,4.00,0.00,2/26/2019,0.00
"Gross, Paula",1103024859,0.00,2.00,0.00,5.00,5.00,3.00,0.00,14.00,1.00,19.00,Production Technician I,MA,2176,05/21/83,F,Divorced,US Citizen,No,White,2/21/2011,01-11-2014,more money,Voluntarily Terminated,Production       ,Kelley Spirea,18.00,Monster.com,Fully Meets,5.00,5.00,0.00,,
"Jhaveri, Sneha  ",1412071713,0.00,3.00,0.00,1.00,5.00,3.00,0.00,19.00,0.00,19.00,Production Technician I,MA,2109,04/13/64,F,Separated,US Citizen,No,White,01-06-2014,,N/A - still employed,Active,Production       ,Kelley Spirea,18.00,On-campus Recruiting,Fully Meets,5.00,5.00,0.00,1/21/2019,0.00
"LeBel, Jonathan  R",1107027575,0.00,0.00,1.00,4.00,5.00,3.00,0.00,15.00,1.00,19.00,Production Technician I,MA,2050,10/18/81,M ,Single,US Citizen,No,White,2/21/2011,08-04-2011,attendance,Terminated for Cause,Production       ,Kelley Spirea,18.00,Social Networks - Facebook Twitter etc,Fully Meets,5.00,4.00,0.00,,
"Meads, Elizabeth",1409070245,0.00,0.00,0.00,5.00,5.00,3.00,1.00,14.00,1.00,19.00,Production Technician I,MA,1760,05/30/68,F,Single,US Citizen,No,Black or African American,04-02-2012,11-11-2015,Another position,Voluntarily Terminated,Production       ,Kelley Spirea,18.00,Diversity Job Fair,Fully Meets,4.18,4.00,0.00,,
"Osturnka, Adeel",1404066949,1.00,1.00,1.00,1.00,5.00,4.00,0.00,16.00,0.00,19.00,Production Technician I,MA,2478,12-11-1976,M ,Married,US Citizen,No,White,9/30/2013,,N/A - still employed,Active,Production       ,Kelley Spirea,18.00,On-campus Recruiting,Exceeds,2.86,3.00,0.00,02-07-2019,0.00
"Punjabhi, Louis  ",1401064562,0.00,0.00,1.00,1.00,5.00,3.00,0.00,16.00,0.00,19.00,Production Technician I,MA,2109,06/19/61,M ,Single,US Citizen,No,White,01-06-2014,,N/A - still employed,Active,Production       ,Kelley Spirea,18.00,Employee Referral,Fully Meets,2.45,3.00,0.00,01-07-2019,0.00
"Saar-Beckles, Melinda",1410070998,0.00,0.00,0.00,2.00,5.00,2.00,1.00,20.00,0.00,19.00,Production Technician I,MA,1801,06-06-1968,F,Single,US Citizen,No,Black or African American,07-04-2016,,N/A - Has not started yet,Future Start,Production       ,Kelley Spirea,18.00,Diversity Job Fair,Needs Improvement,1.12,4.00,0.00,2/18/2019,0.00
"Stoica, Rick",1106026896,1.00,1.00,1.00,1.00,5.00,3.00,0.00,22.00,0.00,19.00,Production Technician I,MA,2301,03/14/85,M ,Married,US Citizen,No,Asian,2/17/2014,,N/A - still employed,Active,Production       ,Kelley Spirea,18.00,On-campus Recruiting,Fully Meets,1.39,3.00,0.00,01-11-2019,0.00
"Volk, Colleen",1011022814,1.00,1.00,0.00,4.00,5.00,4.00,0.00,21.00,1.00,19.00,Production Technician I,MA,2747,06-03-1986,F,Married,US Citizen,No,White,9/26/2011,02-08-2016,gross misconduct,Terminated for Cause,Production       ,Kelley Spirea,18.00,Social Networks - Facebook Twitter etc,Exceeds,2.79,5.00,0.00,,
"Athwal, Sam",1301052124,0.00,4.00,1.00,1.00,5.00,3.00,0.00,22.00,0.00,19.00,Production Technician I,MA,2199,02/18/83,M ,Widowed,US Citizen,No,White,9/30/2013,,N/A - still employed,Active,Production       ,Ketsia Liebig,19.00,Employee Referral,Fully Meets,5.00,4.00,0.00,2/25/2019,0.00
"Biden, Lowan  M",1412071844,0.00,2.00,0.00,1.00,5.00,3.00,0.00,22.00,0.00,19.00,Production Technician I,MA,2027,12/27/58,F,Divorced,US Citizen,No,Asian,8/19/2013,,N/A - still employed,Active,Production       ,Ketsia Liebig,19.00,Billboard,Fully Meets,2.39,3.00,0.00,01-10-2019,0.00
"Cierpiszewski, Caroline  ",1012023295,0.00,0.00,0.00,1.00,5.00,3.00,0.00,22.00,0.00,19.00,Production Technician I,MA,2044,05/31/88,F,Single,Non-Citizen,No,Black or African American,10-03-2011,,N/A - still employed,Active,Production       ,Ketsia Liebig,19.00,Pay Per Click - Google,Fully Meets,3.58,5.00,0.00,1/30/2019,0.00
"Dickinson, Geoff ",706006285,0.00,0.00,1.00,1.00,5.00,3.00,0.00,21.00,0.00,19.00,Production Technician I,MA,2180,11/15/82,M ,Single,US Citizen,No,White,05-12-2014,,N/A - still employed,Active,Production       ,Ketsia Liebig,19.00,Pay Per Click - Google,Fully Meets,1.13,4.00,0.00,2/19/2019,0.00
"Ferreira, Violeta",803009012,0.00,0.00,0.00,1.00,5.00,3.00,0.00,23.00,0.00,19.00,Production Technician I,MA,2176,06-10-1986,F,Single,US Citizen,No,White,2/20/2012,,N/A - still employed,Active,Production       ,Ketsia Liebig,19.00,Newspager/Magazine,Fully Meets,1.85,4.00,0.00,01-07-2019,0.00
"Gold, Shenice  ",1408069539,0.00,0.00,0.00,1.00,5.00,3.00,0.00,17.00,0.00,19.00,Production Technician I,MA,2451,06/18/92,F,Single,US Citizen,Yes,White,11-11-2013,,N/A - still employed,Active,Production       ,Ketsia Liebig,19.00,Glassdoor,Fully Meets,1.94,5.00,0.00,2/18/2019,0.00
"Heitzman, Anthony",1002017900,0.00,0.00,1.00,1.00,5.00,3.00,0.00,19.00,0.00,19.00,Production Technician I,MA,2149,01-04-1984,M ,Single,US Citizen,No,White,8/13/2012,,N/A - still employed,Active,Production       ,Ketsia Liebig,19.00,Social Networks - Facebook Twitter etc,Fully Meets,4.17,4.00,0.00,02-11-2019,0.00
"Knapp, Bradley  J",1304055683,0.00,0.00,1.00,1.00,5.00,3.00,0.00,14.00,0.00,19.00,Production Technician I,MA,1721,11-10-1977,M ,Single,US Citizen,No,Black or African American,2/17/2014,,N/A - still employed,Active,Production       ,Ketsia Liebig,19.00,On-campus Recruiting,Fully Meets,2.79,3.00,0.00,02-06-2019,0.00
"Mahoney, Lauren  ",1209049259,0.00,0.00,0.00,1.00,5.00,3.00,0.00,17.00,0.00,19.00,Production Technician I,MA,2189,07-07-1986,F,Single,US Citizen,No,White,01-06-2014,,N/A - still employed,Active,Production       ,Ketsia Liebig,19.00,Newspager/Magazine,Fully Meets,2.55,4.00,0.00,2/26/2019,0.00
"Newman, Richard ",1302053044,1.00,1.00,1.00,3.00,5.00,3.00,0.00,21.00,0.00,19.00,Production Technician I,MA,2136,04-08-1977,M ,Married,US Citizen,No,White,05-12-2014,,N/A - still employed,Leave of Absence,Production       ,Ketsia Liebig,19.00,On-campus Recruiting,Fully Meets,5.00,5.00,0.00,2/18/2019,0.00
"Peterson, Kayla ",1307059944,1.00,1.00,0.00,1.00,5.00,3.00,0.00,17.00,0.00,19.00,Production Technician I,MA,1749,09/23/73,F,Married,US Citizen,No,White,4/26/2010,,N/A - still employed,Active,Production       ,Ketsia Liebig,19.00,Search Engine - Google Bing Yahoo,Fully Meets,2.72,3.00,0.00,1/21/2019,0.00
"Robinson, Cherly",1403065625,1.00,1.00,0.00,4.00,5.00,2.00,0.00,16.00,1.00,19.00,Production Technician I,MA,1460,01-07-1985,F,Married,US Citizen,No,White,01-10-2011,05/17/16,attendance,Terminated for Cause,Production       ,Ketsia Liebig,19.00,Glassdoor,Needs Improvement,3.60,3.00,0.00,,
"Smith, Sade",1501071909,0.00,0.00,0.00,1.00,5.00,3.00,0.00,24.50,0.00,19.00,Production Technician I,MA,2130,02-02-1965,F,Single,US Citizen,No,White,11-11-2013,,N/A - still employed,Active,Production       ,Ketsia Liebig,19.00,Employee Referral,Fully Meets,3.73,3.00,0.00,1/24/2019,0.00
"Tinto, Theresa  ",1103024504,0.00,2.00,0.00,5.00,5.00,3.00,0.00,20.00,1.00,19.00,Production Technician I,MA,1876,07/30/83,F,Divorced,US Citizen,No,White,01-10-2011,05/14/11,Another position,Voluntarily Terminated,Production       ,Ketsia Liebig,19.00,Social Networks - Facebook Twitter etc,Fully Meets,2.81,5.00,0.00,,
"Williams, Jacquelyn  ",1308060671,0.00,0.00,0.00,5.00,5.00,3.00,1.00,16.00,1.00,19.00,Production Technician I,MA,2109,10-02-1969,F,Single,US Citizen,Yes,Two or more races,01-09-2012,06/27/15,relocation out of area,Voluntarily Terminated,Production       ,Ketsia Liebig,19.00,Diversity Job Fair,Fully Meets,1.44,4.00,0.00,,
"Barbara, Thomas",1312063507,1.00,1.00,1.00,5.00,5.00,3.00,1.00,22.00,1.00,19.00,Production Technician I,MA,2062,02/21/74,M ,Married,US Citizen,Yes,Asian,04-02-2012,09/19/12,unhappy,Voluntarily Terminated,Production       ,Kissy Sullivan,20.00,Diversity Job Fair,Fully Meets,1.98,3.00,0.00,,
"Bugali, Josephine ",1408069635,0.00,3.00,0.00,3.00,5.00,3.00,1.00,20.00,0.00,19.00,Production Technician I,MA,2043,10/30/69,F,Separated,US Citizen,No,Black or African American,11-11-2013,,N/A - still employed,Leave of Absence,Production       ,Kissy Sullivan,20.00,Diversity Job Fair,Fully Meets,2.83,5.00,0.00,1/21/2019,0.00
"Cole, Spencer",1001450968,0.00,0.00,1.00,4.00,5.00,2.00,0.00,15.00,1.00,19.00,Production Technician I,MA,1880,08-12-1979,M ,Single,US Citizen,No,Black or African American,07-11-2011,09/23/12,performance,Terminated for Cause,Production       ,Kissy Sullivan,20.00,MBTA ads,Needs Improvement,1.42,3.00,0.00,,
"Eaton, Marianne",1406067865,1.00,1.00,0.00,5.00,5.00,3.00,0.00,17.00,1.00,19.00,Production Technician I,MA,2343,09-05-1991,F,Married,US Citizen,No,White,04-04-2011,06-06-2013,military,Voluntarily Terminated,Production       ,Kissy Sullivan,20.00,Search Engine - Google Bing Yahoo,Fully Meets,5.00,3.00,0.00,,
"Garneau, Hamish",1104025414,0.00,0.00,1.00,1.00,5.00,3.00,0.00,18.00,0.00,19.00,Production Technician I,MA,1550,04/18/80,M ,Single,US Citizen,No,Asian,07-08-2013,,N/A - still employed,Active,Production       ,Kissy Sullivan,20.00,Professional Society,Fully Meets,2.61,4.00,0.00,1/22/2019,0.00
"Goyal, Roxana",1312063675,1.00,1.00,0.00,3.00,5.00,3.00,0.00,24.00,0.00,19.00,Production Technician I,MA,1864,10-09-1974,F,Married,US Citizen,No,Asian,8/19/2013,,N/A - still employed,Leave of Absence,Production       ,Kissy Sullivan,20.00,On-campus Recruiting,Fully Meets,1.71,5.00,0.00,2/15/2019,0.00
"Jacobi, Hannah  ",1503072857,0.00,2.00,0.00,1.00,5.00,3.00,0.00,21.00,0.00,19.00,Production Technician I,MA,1778,03/22/66,F,Divorced,US Citizen,No,White,9/30/2013,,N/A - still employed,Active,Production       ,Kissy Sullivan,20.00,Employee Referral,Fully Meets,2.05,5.00,0.00,2/22/2019,0.00
"Leach, Dallas",1408069409,0.00,0.00,0.00,5.00,5.00,3.00,0.00,19.00,1.00,19.00,Production Technician I,MA,1810,01/17/79,F,Single,US Citizen,No,Asian,9/26/2011,08/19/13,return to school,Voluntarily Terminated,Production       ,Kissy Sullivan,20.00,Monster.com,Fully Meets,4.88,3.00,0.00,,
"Mckenna, Sandy",909015167,1.00,1.00,0.00,1.00,5.00,3.00,0.00,24.00,0.00,19.00,Production Technician I,MA,2184,01-07-1987,F,Married,US Citizen,No,Black or African American,01-07-2013,,N/A - still employed,Active,Production       ,Kissy Sullivan,20.00,Monster.com,Fully Meets,3.93,3.00,0.00,1/30/2019,0.00
"O'hare, Lynn",1206044851,0.00,0.00,0.00,4.00,5.00,1.00,0.00,18.50,1.00,19.00,Production Technician I,MA,2152,09/30/80,F,Single,US Citizen,No,Two or more races,3/31/2014,05-01-2016,performance,Terminated for Cause,Production       ,Kissy Sullivan,20.00,Professional Society,PIP,3.09,2.00,0.00,,
"Power, Morissa",1102024274,0.00,2.00,0.00,5.00,5.00,3.00,0.00,19.00,1.00,19.00,Production Technician I,MA,1742,10/15/84,F,Divorced,Eligible NonCitizen,No,Asian,5/16/2011,06-04-2011,Another position,Voluntarily Terminated,Production       ,Kissy Sullivan,20.00,Social Networks - Facebook Twitter etc,Fully Meets,3.17,4.00,0.00,,
"Purinton, Janine",1011022926,0.00,2.00,0.00,5.00,5.00,3.00,0.00,16.00,1.00,19.00,Production Technician I,MA,2474,09/22/70,F,Divorced,US Citizen,No,White,9/24/2012,06/18/13,unhappy,Voluntarily Terminated,Production       ,Kissy Sullivan,20.00,Billboard,Fully Meets,1.50,5.00,0.00,,
"Rossetti, Bruno",1405067492,0.00,0.00,1.00,5.00,5.00,3.00,0.00,18.00,1.00,19.00,Production Technician I,MA,2155,03/18/87,M ,Single,US Citizen,No,White,04-04-2011,08/13/12,Another position,Voluntarily Terminated,Production       ,Kissy Sullivan,20.00,Search Engine - Google Bing Yahoo,Fully Meets,5.00,5.00,0.00,,
"Stanford,Barbara  M",1111030244,0.00,2.00,0.00,1.00,5.00,3.00,0.00,14.00,0.00,19.00,Production Technician I,MA,2050,08/25/82,F,Divorced,US Citizen,No,Two or more races,01-10-2011,,N/A - still employed,Active,Production       ,Kissy Sullivan,20.00,Word of Mouth,Fully Meets,1.05,4.00,0.00,02-07-2019,0.00
"Veera, Abdellah ",1203032235,0.00,2.00,1.00,5.00,5.00,4.00,0.00,19.00,1.00,19.00,Production Technician I,MA,2171,01/31/87,M ,Divorced,US Citizen,No,White,8/13/2012,02-05-2016,maternity leave - did not return,Voluntarily Terminated,Production       ,Kissy Sullivan,20.00,Information Session,Exceeds,3.84,5.00,0.00,,
"Adinolfi, Wilson  K",1409070522,0.00,0.00,1.00,1.00,5.00,4.00,0.00,20.00,0.00,19.00,Production Technician I,MA,1960,07-10-1983,M ,Single,US Citizen,No,White,07-05-2011,,N/A - still employed,Active,Production       ,Michael Albert,22.00,MBTA ads,Exceeds,2.51,5.00,0.00,1/17/2019,0.00
"Barton, Nader",1212051962,0.00,2.00,1.00,5.00,5.00,3.00,0.00,18.00,1.00,19.00,Production Technician I,MA,2747,07/15/77,M ,Divorced,US Citizen,No,White,9/24/2012,04-06-2013,Another position,Voluntarily Terminated,Production       ,Michael Albert,22.00,On-line Web application,Fully Meets,5.00,5.00,0.00,,
"Chace, Beatrice ",1208048062,0.00,0.00,0.00,1.00,5.00,3.00,0.00,16.00,0.00,19.00,Production Technician I,MA,2763,01-02-1951,F,Single,US Citizen,No,White,9/29/2014,,N/A - still employed,Active,Production       ,Michael Albert,22.00,Search Engine - Google Bing Yahoo,Fully Meets,5.00,4.00,0.00,02-12-2019,0.00
"Crimmings,   Jean",1311063172,0.00,0.00,0.00,2.00,5.00,3.00,0.00,19.75,0.00,19.00,Production Technician I,MA,1821,04-10-1987,F,Single,US Citizen,No,White,07-06-2016,,N/A - Has not started yet,Future Start,Production       ,Michael Albert,22.00,Newspager/Magazine,Fully Meets,4.12,5.00,0.00,1/28/2019,0.00
"Estremera, Miguel",1104025243,0.00,0.00,1.00,4.00,5.00,2.00,0.00,17.00,1.00,19.00,Production Technician I,MA,2129,09-02-1983,M ,Single,US Citizen,No,White,04-02-2012,09/27/14,attendance,Terminated for Cause,Production       ,Michael Albert,22.00,Word of Mouth,Needs Improvement,5.00,4.00,0.00,,
"Gentry, Mildred",1501072192,1.00,1.00,0.00,1.00,5.00,3.00,0.00,19.00,0.00,19.00,Production Technician I,MA,2145,10-01-1990,F,Married,US Citizen,No,Black or African American,3/30/2015,,N/A - still employed,Active,Production       ,Michael Albert,22.00,Professional Society,Fully Meets,3.73,3.00,0.00,1/16/2019,0.00
"Handschiegl, Joanne",1405067064,1.00,1.00,0.00,1.00,5.00,3.00,0.00,24.00,0.00,19.00,Production Technician I,MA,2127,03/23/77,F,Married,US Citizen,No,White,11/28/2011,,N/A - still employed,Active,Production       ,Michael Albert,22.00,Word of Mouth,Fully Meets,4.20,4.00,0.00,2/22/2019,0.00
"Johnson, George",1105025721,1.00,1.00,1.00,5.00,5.00,4.00,0.00,17.00,1.00,19.00,Production Technician I,MA,2445,08/19/59,M ,Married,US Citizen,No,White,11-07-2011,04/29/16,more money,Voluntarily Terminated,Production       ,Michael Albert,22.00,Monster.com,Exceeds,1.65,4.00,0.00,,
"Keatts, Kramer ",1301052462,0.00,0.00,1.00,1.00,5.00,3.00,0.00,19.00,0.00,19.00,Production Technician I,MA,1887,01/19/76,M ,Single,US Citizen,No,White,9/30/2013,,N/A - still employed,Active,Production       ,Michael Albert,22.00,Billboard,Fully Meets,3.07,4.00,0.00,1/23/2019,0.00
"Linares, Marilyn ",1206042315,1.00,1.00,0.00,5.00,5.00,3.00,0.00,15.25,1.00,19.00,Production Technician I,MA,1886,03/26/81,F,Married,US Citizen,No,White,07-05-2011,09/26/11,unhappy,Voluntarily Terminated,Production       ,Michael Albert,22.00,Internet Search,Fully Meets,3.18,4.00,0.00,,
"Medeiros, Jennifer",1109029256,0.00,0.00,0.00,1.00,5.00,3.00,0.00,20.00,0.00,19.00,Production Technician I,MA,2346,09/22/76,F,Single,US Citizen,No,White,3/30/2015,,N/A - still employed,Active,Production       ,Michael Albert,22.00,Monster.com,Fully Meets,5.00,4.00,0.00,1/21/2019,0.00
"Owad, Clinton",1103024335,0.00,0.00,1.00,1.00,5.00,2.00,0.00,22.00,0.00,19.00,Production Technician I,MA,1760,11/24/79,M ,Single,US Citizen,No,Black or African American,2/17/2014,,N/A - still employed,Active,Production       ,Michael Albert,22.00,MBTA ads,Needs Improvement,4.25,3.00,0.00,02-04-2019,0.00
"Rarrick, Quinn",1208048229,0.00,2.00,1.00,5.00,5.00,3.00,0.00,21.00,1.00,19.00,Production Technician I,MA,2478,12/31/84,M ,Divorced,US Citizen,No,White,9/26/2011,04-07-2012,more money,Voluntarily Terminated,Production       ,Michael Albert,22.00,Pay Per Click - Google,Fully Meets,3.80,5.00,0.00,,
"Sadki, Nore  ",1308060535,0.00,0.00,1.00,5.00,5.00,3.00,0.00,21.00,1.00,19.00,Production Technician I,MA,2148,12/21/74,M ,Single,US Citizen,No,White,01-05-2009,07/30/10,relocation out of area,Voluntarily Terminated,Production       ,Michael Albert,22.00,Word of Mouth,Fully Meets,1.53,5.00,0.00,,
"Sullivan, Timothy",1201031310,1.00,1.00,1.00,1.00,5.00,3.00,0.00,19.00,0.00,19.00,Production Technician I,MA,2747,10-07-1982,M ,Married,US Citizen,Yes,White,01-05-2015,,N/A - still employed,Active,Production       ,Michael Albert,22.00,Word of Mouth,Fully Meets,4.36,5.00,0.00,1/24/2019,0.00
"Von Massenbach, Anna",1106026474,0.00,0.00,0.00,2.00,5.00,3.00,0.00,20.00,0.00,19.00,Production Technician I,MA,2124,04-06-1985,F,Single,US Citizen,No,White,07-05-2015,,N/A - Has not started yet,Future Start,Production       ,Michael Albert,22.00,Newspager/Magazine,Fully Meets,3.21,3.00,0.00,1/29/2019,0.00
"Anderson, Carol ",1001417624,0.00,2.00,0.00,5.00,5.00,3.00,0.00,16.00,1.00,19.00,Production Technician I,MA,2169,09-08-1989,F,Divorced,US Citizen,No,White,07-11-2011,09-06-2011,return to school,Voluntarily Terminated,Production       ,Webster Butler,39.00,Word of Mouth,Fully Meets,5.00,4.00,0.00,,
"Becker, Scott",1110029777,0.00,0.00,1.00,3.00,5.00,3.00,0.00,17.00,0.00,19.00,Production Technician I,MA,2452,04-06-1979,M ,Single,US Citizen,No,Asian,07-08-2013,,N/A - still employed,Leave of Absence,Production       ,Webster Butler,,MBTA ads,Fully Meets,1.09,4.00,0.00,01-11-2019,0.00
"Chang, Donovan  E",1111030129,0.00,0.00,1.00,1.00,5.00,3.00,0.00,22.00,0.00,19.00,Production Technician I,MA,1845,08/24/83,M ,Single,US Citizen,No,White,07-08-2013,,N/A - still employed,Active,Production       ,Webster Butler,,Newspager/Magazine,Fully Meets,3.80,5.00,0.00,1/14/2019,0.00
"DeGweck,  James",1306058816,1.00,1.00,1.00,5.00,5.00,3.00,0.00,23.50,1.00,19.00,Production Technician I,MA,1810,10/31/77,M ,Married,US Citizen,No,White,5/16/2011,06-08-2015,unhappy,Voluntarily Terminated,Production       ,Webster Butler,39.00,Billboard,Fully Meets,5.00,4.00,0.00,,
"Ferguson, Susan",1502072511,1.00,1.00,0.00,5.00,5.00,3.00,0.00,20.00,1.00,19.00,Production Technician I,MA,2176,04/14/55,F,Married,US Citizen,No,White,11-07-2011,05/17/14,military,Voluntarily Terminated,Production       ,Webster Butler,39.00,Search Engine - Google Bing Yahoo,Fully Meets,3.13,3.00,0.00,,
"Gilles, Alex",1008020960,1.00,1.00,1.00,5.00,5.00,2.00,1.00,15.00,1.00,19.00,Production Technician I,MA,2062,08-09-1974,M ,Married,US Citizen,No,Black or African American,04-02-2012,06/25/15,military,Voluntarily Terminated,Production       ,Webster Butler,39.00,Diversity Job Fair,Needs Improvement,3.97,4.00,0.00,,
"Harrington, Christie ",1110029602,0.00,0.00,0.00,5.00,5.00,3.00,0.00,19.75,1.00,19.00,Production Technician I,MA,2324,08/18/52,F,Single,US Citizen,No,White,01-09-2012,12/15/15,retiring,Voluntarily Terminated,Production       ,Webster Butler,39.00,Monster.com,Fully Meets,4.64,4.00,0.00,,
"Kinsella, Kathleen  ",710007401,1.00,1.00,0.00,5.00,5.00,3.00,0.00,22.00,1.00,19.00,Production Technician I,MA,2170,12-08-1973,F,Married,US Citizen,No,White,9/26/2011,06-04-2015,more money,Voluntarily Terminated,Production       ,Webster Butler,39.00,Search Engine - Google Bing Yahoo,Fully Meets,3.60,5.00,0.00,,
"Lynch, Lindsay",1001138521,0.00,0.00,0.00,5.00,5.00,4.00,1.00,19.00,1.00,19.00,Production Technician I,MA,1844,02/14/73,F,Single,US Citizen,Yes,Two or more races,11-07-2011,11/14/15,Another position,Voluntarily Terminated,Production       ,Webster Butler,39.00,Diversity Job Fair,Exceeds,5.00,4.00,0.00,,
"Ndzi, Colombui",1204033041,0.00,0.00,1.00,5.00,5.00,3.00,1.00,18.00,1.00,19.00,Production Technician I,MA,2110,05-02-1989,M ,Single,US Citizen,No,Black or African American,9/26/2011,04-04-2014,return to school,Voluntarily Terminated,Production       ,Webster Butler,39.00,Diversity Job Fair,Fully Meets,2.61,3.00,0.00,,
"Pelech, Emil",1307060058,0.00,0.00,1.00,5.00,5.00,2.00,0.00,24.00,1.00,19.00,Production Technician I,MA,2458,03/17/88,M ,Single,US Citizen,No,Black or African American,01-10-2011,12/28/12,career change,Voluntarily Terminated,Production       ,Webster Butler,39.00,Search Engine - Google Bing Yahoo,Needs Improvement,3.54,5.00,0.00,,
"Rivera, Haley  ",1405067642,1.00,1.00,0.00,1.00,5.00,4.00,0.00,22.00,0.00,19.00,Production Technician I,MA,2171,01-12-1973,F,Married,US Citizen,No,Asian,11/28/2011,,N/A - still employed,Active,Production       ,Webster Butler,,Search Engine - Google Bing Yahoo,Exceeds,4.36,5.00,0.00,02-11-2019,0.00
"Sewkumar, Nori",807010161,0.00,0.00,0.00,3.00,5.00,3.00,0.00,15.20,0.00,19.00,Production Technician I,MA,2191,03-10-1975,F,Single,US Citizen,No,Asian,9/30/2013,,N/A - still employed,Leave of Absence,Production       ,Webster Butler,,Search Engine - Google Bing Yahoo,Fully Meets,5.00,5.00,0.00,2/21/2019,0.00
"Tavares, Desiree  ",1405067501,1.00,1.00,0.00,5.00,5.00,3.00,1.00,15.00,1.00,19.00,Production Technician I,MA,1801,04-03-1975,F,Married,Non-Citizen,No,Two or more races,4/27/2009,04-01-2013,Another position,Voluntarily Terminated,Production       ,Webster Butler,39.00,Diversity Job Fair,Fully Meets,2.52,5.00,0.00,,
"Whittier, Scott",1307060212,0.00,0.00,1.00,5.00,5.00,3.00,0.00,23.00,1.00,19.00,Production Technician I,MA,2030,05/24/87,M ,Single,US Citizen,Yes,White,01-10-2011,05/15/11,hours,Voluntarily Terminated,Production       ,Webster Butler,39.00,Newspager/Magazine,Fully Meets,5.00,5.00,0.00,,
"Burke, Joelle",1011022820,0.00,0.00,0.00,1.00,5.00,3.00,0.00,25.00,0.00,20.00,Production Technician II,MA,2148,03-02-1980,F,Single,US Citizen,No,Black or African American,03-05-2012,,N/A - still employed,Active,Production       ,Amy Dunn,11.00,Employee Referral,Fully Meets,4.51,4.00,0.00,2/21/2019,0.00
"Fitzpatrick, Michael  J",1109029103,0.00,0.00,1.00,5.00,5.00,3.00,0.00,29.00,1.00,20.00,Production Technician II,MA,2143,10-01-1981,M ,Single,US Citizen,Yes,White,5/16/2011,06/24/13,hours,Voluntarily Terminated,Production       ,Amy Dunn,11.00,Social Networks - Facebook Twitter etc,Fully Meets,4.76,5.00,0.00,,
"Huynh, Ming",1306058509,0.00,2.00,0.00,5.00,5.00,3.00,0.00,23.00,1.00,20.00,Production Technician II,MA,1742,09/22/76,F,Divorced,US Citizen,No,White,2/21/2011,04-01-2013,unhappy,Voluntarily Terminated,Production       ,Amy Dunn,11.00,Search Engine - Google Bing Yahoo,Fully Meets,3.72,3.00,0.00,,
"Mancuso, Karen",1304055986,1.00,1.00,0.00,5.00,5.00,3.00,0.00,23.00,1.00,20.00,Production Technician II,MA,2176,12-10-1986,F,Married,US Citizen,No,Two or more races,07-05-2011,08/19/11,Another position,Voluntarily Terminated,Production       ,Amy Dunn,11.00,Newspager/Magazine,Fully Meets,5.00,4.00,0.00,,
"Pelletier, Ermine",1202031821,1.00,1.00,0.00,5.00,5.00,2.00,0.00,28.00,1.00,20.00,Production Technician II,MA,2472,07/18/89,F,Married,US Citizen,No,Asian,07-05-2011,09/15/11,unhappy,Voluntarily Terminated,Production       ,Amy Dunn,11.00,Monster.com,Needs Improvement,1.03,5.00,0.00,,
"Trzeciak, Cybil",1107027551,0.00,0.00,0.00,5.00,5.00,3.00,0.00,22.00,1.00,20.00,Production Technician II,MA,1778,03/15/85,F,Single,US Citizen,No,White,01-10-2011,07-02-2012,unhappy,Voluntarily Terminated,Production       ,Amy Dunn,11.00,Vendor Referral,Fully Meets,1.30,3.00,0.00,,
"Cloninger, Jennifer",1012023226,1.00,1.00,0.00,5.00,5.00,3.00,0.00,25.00,1.00,20.00,Production Technician II,MA,1752,08/31/81,F,Married,US Citizen,No,White,5/16/2011,01-07-2013,unhappy,Voluntarily Terminated,Production       ,Brannon Miller,12.00,Word of Mouth,Fully Meets,1.16,5.00,0.00,,
"Gonzalez, Juan",1411071324,1.00,1.00,1.00,5.00,5.00,1.00,1.00,29.00,1.00,20.00,Production Technician II,MA,2128,10-12-1964,M ,Married,US Citizen,No,Black or African American,4/26/2010,05/30/11,career change,Voluntarily Terminated,Production       ,Brannon Miller,12.00,Diversity Job Fair,PIP,4.35,3.00,0.00,,
"Johnston, Yen",1306057810,0.00,0.00,0.00,1.00,5.00,4.00,0.00,25.00,0.00,20.00,Production Technician II,MA,2128,09-08-1969,F,Single,US Citizen,No,White,07-07-2014,,N/A - still employed,Active,Production       ,Brannon Miller,12.00,Professional Society,Exceeds,1.51,3.00,0.00,01-11-2019,0.00
"Miller, Ned",1205033439,0.00,0.00,1.00,5.00,5.00,1.00,0.00,25.00,1.00,20.00,Production Technician II,MA,2472,06/29/85,M ,Single,US Citizen,No,White,8/15/2011,09-04-2014,unhappy,Voluntarily Terminated,Production       ,Brannon Miller,12.00,MBTA ads,PIP,5.00,2.00,0.00,,
"Petingill, Shana  ",1103024843,1.00,1.00,0.00,1.00,5.00,3.00,0.00,26.00,0.00,20.00,Production Technician II,MA,2050,03-10-1979,F,Married,Eligible NonCitizen,No,Asian,04-02-2012,,N/A - still employed,Active,Production       ,Brannon Miller,12.00,MBTA ads,Fully Meets,2.61,3.00,0.00,1/14/2019,0.00
"Winthrop, Jordan  ",1405067188,0.00,0.00,1.00,5.00,5.00,4.00,0.00,29.00,1.00,20.00,Production Technician II,MA,2045,11-07-1958,M ,Single,US Citizen,No,White,01-07-2013,02/21/16,retiring,Voluntarily Terminated,Production       ,Brannon Miller,12.00,Professional Society,Exceeds,1.67,3.00,0.00,,
"Close, Phil",1209048697,1.00,1.00,1.00,5.00,5.00,3.00,0.00,26.00,1.00,20.00,Production Technician II,MA,2169,11/25/78,M ,Married,US Citizen,No,White,8/30/2010,09/26/11,career change,Voluntarily Terminated,Production       ,David Stanley,14.00,Other,Fully Meets,1.30,4.00,0.00,,
"Good, Susan",1001549006,1.00,1.00,0.00,3.00,5.00,3.00,0.00,24.25,0.00,20.00,Production Technician II,MA,1886,05/25/86,F,Married,US Citizen,No,White,05-12-2014,,N/A - still employed,Leave of Absence,Production       ,David Stanley,14.00,Professional Society,Fully Meets,2.04,3.00,0.00,02-07-2019,0.00
"Langford, Lindsey",1010022030,0.00,2.00,0.00,5.00,5.00,3.00,0.00,22.00,1.00,20.00,Production Technician II,MA,2090,07/25/79,F,Divorced,US Citizen,No,Asian,01-07-2013,03/31/14,Another position,Voluntarily Terminated,Production       ,David Stanley,14.00,Glassdoor,Fully Meets,4.52,3.00,0.00,,
"Monkfish, Erasumus",1404066711,1.00,1.00,1.00,1.00,5.00,3.00,0.00,27.00,0.00,20.00,Production Technician II,MA,1450,08/17/92,M ,Married,US Citizen,No,White,11-07-2011,,N/A - still employed,Active,Production       ,David Stanley,14.00,Professional Society,Fully Meets,2.67,3.00,0.00,01-08-2019,0.00
"Roberson, May",1402065340,0.00,2.00,0.00,5.00,5.00,3.00,0.00,26.00,1.00,20.00,Production Technician II,MA,1902,09-05-1981,F,Divorced,Eligible NonCitizen,No,White,9/26/2011,10/22/11,return to school,Voluntarily Terminated,Production       ,David Stanley,14.00,Search Engine - Google Bing Yahoo,Fully Meets,2.19,4.00,0.00,,
"Wolk, Hang  T",1205033180,0.00,0.00,0.00,1.00,5.00,3.00,0.00,22.00,0.00,20.00,Production Technician II,MA,2302,04/20/85,F,Single,US Citizen,No,White,9/29/2014,,N/A - still employed,Active,Production       ,David Stanley,14.00,Newspager/Magazine,Fully Meets,3.40,4.00,0.00,2/21/2019,0.00
"Bondwell, Betsy",1008021030,0.00,0.00,0.00,5.00,5.00,3.00,0.00,26.00,1.00,20.00,Production Technician II,MA,2210,01/16/67,F,Single,US Citizen,No,White,01-10-2011,04-04-2014,career change,Voluntarily Terminated,Production       ,Elijiah Gray,16.00,Search Engine - Google Bing Yahoo,Fully Meets,1.38,5.00,0.00,,
"Faller, Megan ",1108028428,1.00,1.00,0.00,1.00,5.00,3.00,0.00,27.00,0.00,20.00,Production Technician II,MA,1824,09/22/78,F,Married,US Citizen,No,Black or African American,07-07-2014,,N/A - still employed,Active,Production       ,Elijiah Gray,16.00,Professional Society,Fully Meets,1.49,5.00,0.00,2/22/2019,0.00
"Hunts, Julissa",1106026433,0.00,0.00,0.00,2.00,5.00,3.00,0.00,25.00,0.00,20.00,Production Technician II,MA,2021,03-11-1984,F,Single,US Citizen,No,White,06-06-2016,,N/A - Has not started yet,Future Start,Production       ,Elijiah Gray,16.00,Vendor Referral,Fully Meets,2.92,5.00,0.00,1/18/2019,0.00
"Lunquist, Lisa",1001504432,0.00,0.00,0.00,1.00,5.00,4.00,0.00,26.10,0.00,20.00,Production Technician II,MA,2324,03/28/82,F,Single,US Citizen,No,Black or African American,8/19/2013,,N/A - still employed,Active,Production       ,Elijiah Gray,16.00,Glassdoor,Exceeds,1.64,4.00,0.00,02-12-2019,0.00
"Nowlan, Kristie",1104025435,0.00,0.00,0.00,1.00,5.00,3.00,0.00,26.39,0.00,20.00,Production Technician II,MA,1040,11/23/85,F,Single,US Citizen,No,White,11-10-2014,,N/A - still employed,Active,Production       ,Elijiah Gray,16.00,Glassdoor,Fully Meets,4.53,5.00,0.00,1/16/2019,0.00
"Smith, Joe",1001970770,0.00,0.00,1.00,1.00,5.00,4.00,0.00,22.00,0.00,20.00,Production Technician II,MA,2045,10/30/63,M ,Single,US Citizen,No,White,9/29/2014,,N/A - still employed,Active,Production       ,Elijiah Gray,16.00,Pay Per Click - Google,Exceeds,2.41,3.00,0.00,1/28/2019,0.00
"Tejeda, Lenora ",1406068345,1.00,1.00,0.00,5.00,5.00,3.00,0.00,28.75,1.00,20.00,Production Technician II,MA,2129,05/24/53,F,Married,US Citizen,No,White,5/16/2011,07-08-2012,Another position,Voluntarily Terminated,Production       ,Elijiah Gray,16.00,Search Engine - Google Bing Yahoo,Fully Meets,3.93,3.00,0.00,,
"Beak, Kimberly  ",1303054329,1.00,1.00,0.00,2.00,5.00,4.00,0.00,27.00,0.00,20.00,Production Technician II,MA,2145,04/17/66,F,Married,US Citizen,No,White,7/21/2016,,N/A - Has not started yet,Future Start,Production       ,Kelley Spirea,18.00,Employee Referral,Exceeds,2.70,3.00,0.00,1/14/2019,0.00
"Demita, Carla",1104025179,0.00,3.00,0.00,5.00,5.00,3.00,0.00,29.00,1.00,20.00,Production Technician II,MA,2343,02/25/51,F,Separated,US Citizen,No,Black or African American,04-04-2011,11-04-2015,more money,Voluntarily Terminated,Production       ,Kelley Spirea,18.00,Search Engine - Google Bing Yahoo,Fully Meets,4.62,5.00,0.00,,
"Hankard, Earnest",1307059937,0.00,0.00,1.00,1.00,5.00,3.00,0.00,24.00,0.00,20.00,Production Technician II,MA,2155,08-10-1988,M ,Single,US Citizen,Yes,White,11-11-2013,,N/A - still employed,Active,Production       ,Kelley Spirea,18.00,Newspager/Magazine,Fully Meets,5.00,3.00,0.00,01-08-2019,0.00
"Hendrickson, Trina",1011022932,0.00,0.00,0.00,5.00,5.00,3.00,0.00,24.00,1.00,20.00,Production Technician II,MA,2021,08/27/72,F,Single,US Citizen,No,White,01-10-2011,02/18/13,hours,Voluntarily Terminated,Production       ,Kelley Spirea,18.00,Monster.com,Fully Meets,5.00,3.00,0.00,,
"Linden, Mathew",1405067565,1.00,1.00,1.00,3.00,5.00,3.00,0.00,22.00,0.00,20.00,Production Technician II,MA,1770,03/19/79,M ,Married,US Citizen,No,White,07-08-2013,,N/A - still employed,Leave of Absence,Production       ,Kelley Spirea,18.00,Information Session,Fully Meets,4.00,3.00,0.00,2/18/2019,0.00
"Moran, Patrick",1408069503,0.00,0.00,1.00,3.00,5.00,3.00,1.00,26.00,0.00,20.00,Production Technician II,MA,2127,12-03-1976,M ,Single,US Citizen,No,Hispanic,01-09-2012,,N/A - still employed,Leave of Absence,Production       ,Kelley Spirea,18.00,Diversity Job Fair,Fully Meets,2.50,4.00,0.00,1/31/2019,0.00
"Sahoo, Adil",1106026462,1.00,1.00,1.00,1.00,5.00,3.00,0.00,29.00,0.00,20.00,Production Technician II,MA,2062,04/26/86,M ,Married,US Citizen,No,White,8/30/2010,,N/A - still employed,Active,Production       ,Kelley Spirea,18.00,Monster.com,Fully Meets,2.08,3.00,0.00,01-10-2019,0.00
"Burkett, Benjamin ",1301052449,1.00,1.00,1.00,1.00,5.00,3.00,0.00,26.00,0.00,20.00,Production Technician II,MA,1890,08/19/77,M ,Married,US Citizen,No,White,04-04-2011,,N/A - still employed,Active,Production       ,Ketsia Liebig,19.00,Careerbuilder,Fully Meets,3.25,5.00,0.00,1/14/2019,0.00
"Foreman, Tanya",1012023204,1.00,1.00,0.00,5.00,5.00,3.00,0.00,24.00,1.00,20.00,Production Technician II,MA,2170,11-08-1983,F,Married,US Citizen,No,White,04-04-2011,01-09-2012,career change,Voluntarily Terminated,Production       ,Ketsia Liebig,19.00,Word of Mouth,Fully Meets,3.66,3.00,0.00,,
"Jeannite, Tayana",1008020942,0.00,2.00,0.00,1.00,5.00,4.00,0.00,22.50,0.00,20.00,Production Technician II,MA,1821,11-06-1986,F,Divorced,US Citizen,No,American Indian or Alaska Native,07-05-2011,,N/A - still employed,Active,Production       ,Ketsia Liebig,19.00,MBTA ads,Exceeds,4.60,4.00,0.00,2/25/2019,0.00
"McCarthy, Brigit",1406067957,0.00,0.00,0.00,1.00,5.00,3.00,0.00,26.00,0.00,20.00,Production Technician II,MA,2149,05/21/87,F,Single,US Citizen,No,White,3/30/2015,,N/A - still employed,Active,Production       ,Ketsia Liebig,19.00,Newspager/Magazine,Fully Meets,5.00,5.00,0.00,02-07-2019,0.00
"Peters, Lauren",1411071406,1.00,1.00,0.00,5.00,5.00,4.00,0.00,29.00,1.00,20.00,Production Technician II,MA,1886,08/17/86,F,Married,US Citizen,No,White,5/16/2011,02-04-2012,more money,Voluntarily Terminated,Production       ,Ketsia Liebig,19.00,Pay Per Click - Google,Exceeds,1.79,5.00,0.00,,
"Walker, Roger",1011022818,0.00,0.00,1.00,1.00,5.00,3.00,0.00,22.00,0.00,20.00,Production Technician II,MA,2459,02-10-1976,M ,Single,US Citizen,No,Black or African American,8/18/2014,,N/A - still employed,Active,Production       ,Ketsia Liebig,19.00,Employee Referral,Fully Meets,3.11,5.00,0.00,02-12-2019,0.00
"Akinkuolie, Sarah",1005019209,1.00,1.00,0.00,5.00,5.00,3.00,0.00,29.00,1.00,20.00,Production Technician II,MA,1810,09/19/88,F,Married,US Citizen,No,White,07-05-2011,09/24/12,hours,Voluntarily Terminated,Production       ,Kissy Sullivan,20.00,Newspager/Magazine,Fully Meets,3.02,3.00,0.00,,
"Davis, Daniel",1201031274,0.00,0.00,1.00,1.00,5.00,3.00,0.00,25.00,0.00,20.00,Production Technician II,MA,2458,09/14/79,M ,Single,Eligible NonCitizen,No,Two or more races,11-07-2011,,N/A - still employed,Active,Production       ,Kissy Sullivan,20.00,Newspager/Magazine,Fully Meets,3.96,4.00,0.00,2/27/2019,0.00
"Gosciminski, Phylicia  ",1108028351,0.00,3.00,0.00,3.00,5.00,3.00,0.00,27.00,0.00,20.00,Production Technician II,MA,1824,12-08-1983,F,Separated,US Citizen,No,American Indian or Alaska Native,9/30/2013,,N/A - still employed,Leave of Absence,Production       ,Kissy Sullivan,20.00,Word of Mouth,Fully Meets,2.57,5.00,0.00,2/21/2019,0.00
"Latif, Mohammed",1104025486,1.00,1.00,1.00,5.00,5.00,3.00,0.00,28.00,1.00,20.00,Production Technician II,MA,2126,05-09-1984,M ,Married,US Citizen,No,White,04-02-2012,04/15/13,more money,Voluntarily Terminated,Production       ,Kissy Sullivan,20.00,Word of Mouth,Fully Meets,1.84,3.00,0.00,,
"Monterro, Luisa",1001103149,0.00,0.00,0.00,1.00,5.00,4.00,0.00,25.00,0.00,20.00,Production Technician II,MA,2126,04/24/70,F,Single,US Citizen,No,Black or African American,5/13/2013,,N/A - still employed,Active,Production       ,Kissy Sullivan,20.00,Billboard,Exceeds,2.55,3.00,0.00,1/14/2019,0.00
"Robertson, Peter",1499902991,1.00,1.00,1.00,5.00,5.00,3.00,0.00,22.00,1.00,20.00,Production Technician II,MA,2138,07-03-1972,M ,Married,US Citizen,No,White,07-05-2011,02-08-2012,Another position,Voluntarily Terminated,Production       ,Kissy Sullivan,20.00,Glassdoor,Fully Meets,2.48,5.00,0.00,,
"Woodson, Jason",1012023010,0.00,0.00,1.00,1.00,5.00,3.00,0.00,24.25,0.00,20.00,Production Technician II,MA,1810,05-11-1985,M ,Single,US Citizen,No,White,07-07-2014,,N/A - still employed,Active,Production       ,Kissy Sullivan,20.00,Vendor Referral,Fully Meets,4.07,4.00,0.00,2/28/2019,0.00
"Blount, Dianna",1403066125,0.00,0.00,0.00,1.00,5.00,2.00,0.00,27.00,0.00,20.00,Production Technician II,MA,2171,09/21/90,F,Single,US Citizen,No,White,04-04-2011,,N/A - still employed,Active,Production       ,Michael Albert,22.00,Monster.com,Needs Improvement,1.16,3.00,0.00,2/27/2019,0.00
"Erilus, Angela",1105025661,0.00,3.00,0.00,1.00,5.00,1.00,0.00,24.00,0.00,20.00,Production Technician II,MA,2133,08/25/89,F,Separated,US Citizen,No,White,07-07-2014,,N/A - still employed,Active,Production       ,Michael Albert,22.00,Pay Per Click - Google,PIP,4.59,1.00,0.00,2/25/2019,0.00
"Homberger, Adrienne  J",1207046956,1.00,1.00,0.00,5.00,5.00,3.00,0.00,28.00,1.00,20.00,Production Technician II,MA,2445,02/16/84,F,Married,Non-Citizen,No,White,8/15/2011,04-07-2012,relocation out of area,Voluntarily Terminated,Production       ,Michael Albert,30.00,Glassdoor,Fully Meets,3.03,5.00,0.00,,
"Lundy, Susan",1305056276,0.00,4.00,0.00,5.00,5.00,3.00,0.00,24.00,1.00,20.00,Production Technician II,MA,2122,12/26/76,F,Widowed,US Citizen,No,White,07-08-2013,09/15/13,more money,Voluntarily Terminated,Production       ,Michael Albert,22.00,On-campus Recruiting,Fully Meets,4.65,4.00,0.00,,
"Moumanil, Maliki ",1301052436,0.00,3.00,1.00,1.00,5.00,3.00,0.00,29.00,0.00,20.00,Production Technician II,MA,1460,12-01-1974,M ,Separated,US Citizen,No,Black or African American,5/13/2013,,N/A - still employed,Active,Production       ,Michael Albert,22.00,On-campus Recruiting,Fully Meets,4.29,5.00,0.00,1/28/2019,0.00
"Sloan, Constance",1012023103,0.00,0.00,0.00,5.00,5.00,3.00,0.00,23.00,1.00,20.00,Production Technician II,MA,1851,11/25/87,F,Single,US Citizen,No,White,10/26/2009,04-08-2015,maternity leave - did not return,Voluntarily Terminated,Production       ,Michael Albert,22.00,Monster.com,Fully Meets,4.68,4.00,0.00,,
"Buccheri, Joseph  ",1101023457,0.00,0.00,1.00,1.00,5.00,3.00,0.00,22.00,0.00,20.00,Production Technician II,MA,1013,07/28/83,M ,Single,US Citizen,No,White,9/29/2014,,N/A - still employed,Active,Production       ,Webster Butler,,Word of Mouth,Fully Meets,3.19,3.00,0.00,02-01-2019,0.00
"Fancett, Nicole",1402065085,0.00,0.00,0.00,1.00,5.00,3.00,0.00,24.00,0.00,20.00,Production Technician II,MA,2324,09/27/87,F,Single,US Citizen,No,Black or African American,2/17/2014,,N/A - still employed,Active,Production       ,Webster Butler,,Newspager/Magazine,Fully Meets,4.00,4.00,0.00,01-07-2019,0.00
"Hutter, Rosalie",1103024924,0.00,3.00,0.00,2.00,5.00,3.00,0.00,28.00,0.00,20.00,Production Technician II,MA,2351,05-07-1992,F,Separated,US Citizen,No,White,06-05-2015,,N/A - Has not started yet,Future Start,Production       ,Webster Butler,,Other,Fully Meets,2.63,3.00,0.00,2/14/2019,0.00
"Manchester, Robyn",1110029623,1.00,1.00,0.00,2.00,5.00,3.00,0.00,23.00,0.00,20.00,Production Technician II,MA,2324,08/25/76,F,Married,US Citizen,No,White,05-11-2016,,N/A - Has not started yet,Future Start,Production       ,Webster Butler,,Vendor Referral,Fully Meets,5.00,3.00,0.00,1/21/2019,0.00
"Oliver, Brooke ",1001856521,1.00,1.00,0.00,5.00,5.00,3.00,0.00,25.00,1.00,20.00,Production Technician II,MA,2492,02-11-1952,F,Married,US Citizen,No,Asian,5/14/2012,08/19/13,unhappy,Voluntarily Terminated,Production       ,Webster Butler,39.00,Newspager/Magazine,Fully Meets,5.00,3.00,0.00,,
"Thibaud, Kenneth",1011022777,0.00,4.00,1.00,5.00,5.00,3.00,0.00,23.00,1.00,20.00,Production Technician II,MA,2472,09/16/75,M ,Widowed,US Citizen,No,White,6/25/2007,08/30/10,military,Voluntarily Terminated,Production       ,Webster Butler,39.00,Pay Per Click - Google,Fully Meets,1.37,4.00,0.00,,
"Daneault, Lynn",1402065303,0.00,0.00,0.00,1.00,6.00,3.00,0.00,54.00,0.00,21.00,Sales Manager,VT,5473,04/19/90,F,Single,US Citizen,No,White,05-05-2014,,N/A - still employed,Active,Sales,Debra Houlihan,15.00,Pay Per Click - Google,Fully Meets,4.62,4.00,0.00,1/24/2019,0.00
"Kampew, Donysha",1109029264,0.00,0.00,0.00,5.00,6.00,3.00,0.00,60.25,1.00,21.00,Sales Manager,PA,19444,11-11-1989,F,Single,US Citizen,No,White,11-07-2011,04/24/14,maternity leave - did not return,Voluntarily Terminated,Sales,Debra Houlihan,15.00,Social Networks - Facebook Twitter etc,Fully Meets,1.90,5.00,0.00,,
"Smith, John",1499902910,0.00,2.00,1.00,1.00,6.00,2.00,1.00,56.00,0.00,21.00,Sales Manager,MA,1886,08/16/84,M ,Divorced,US Citizen,No,Black or African American,5/18/2014,,N/A - still employed,Active,Sales,Debra Houlihan,15.00,Diversity Job Fair,Needs Improvement,1.62,4.00,0.00,1/16/2019,0.00
"Le, Binh",1009919930,0.00,0.00,0.00,1.00,3.00,3.00,0.00,50.25,0.00,22.00,Senior BI Developer,MA,1886,06/14/87,F,Single,US Citizen,No,Asian,10-02-2016,,N/A - still employed,Active,IT/IS,Brian Champaigne,13.00,Indeed,Fully Meets,2.09,5.00,7.00,01-08-2019,0.00
"Navathe, Kurt",1009919960,0.00,0.00,1.00,1.00,3.00,3.00,0.00,52.25,0.00,22.00,Senior BI Developer,MA,2056,04/25/70,M ,Single,US Citizen,No,Asian,02-10-2017,,N/A - still employed,Active,IT/IS,Brian Champaigne,13.00,Indeed,Fully Meets,5.00,3.00,6.00,2/25/2019,0.00
"Wang, Charlie",1009919970,0.00,0.00,1.00,1.00,3.00,3.00,0.00,51.00,0.00,22.00,Senior BI Developer,MA,1887,07-08-1981,M ,Single,US Citizen,No,Asian,2/15/2017,,N/A - still employed,Active,IT/IS,Brian Champaigne,13.00,Indeed,Fully Meets,3.42,4.00,7.00,01-04-2019,0.00
"LeBlanc, Brandon  R",1102024115,1.00,1.00,1.00,1.00,1.00,3.00,0.00,55.00,0.00,23.00,Shared Services Manager,MA,1460,06-10-1984,M ,Married,US Citizen,No,White,01-05-2016,,N/A - still employed,Active,Admin Offices,Janet King,2.00,Monster.com,Fully Meets,1.95,4.00,0.00,1/28/2019,0.00
"Quinn, Sean",1206043417,1.00,1.00,1.00,5.00,1.00,3.00,1.00,55.00,1.00,23.00,Shared Services Manager,MA,2045,11-06-1984,M ,Married,Eligible NonCitizen,No,Black or African American,2/21/2011,08/15/15,career change,Voluntarily Terminated,Admin Offices,Janet King,2.00,Diversity Job Fair,Fully Meets,4.15,4.00,0.00,,
"Andreola, Colby",1107027358,0.00,0.00,0.00,1.00,4.00,3.00,0.00,47.60,0.00,24.00,Software Engineer,MA,2110,05/24/79,F,Single,US Citizen,No,White,11-10-2014,,N/A - still employed,Active,Software Engineering,Alex Sweetwater,10.00,Vendor Referral,Fully Meets,3.04,3.00,4.00,01-02-2019,0.00
"Carabbio, Judith",1101023577,0.00,0.00,0.00,1.00,4.00,3.00,0.00,56.00,0.00,24.00,Software Engineer,MA,2132,04-05-1987,F,Single,US Citizen,No,White,11-11-2013,,N/A - still employed,Active,Software Engineering,Alex Sweetwater,10.00,Pay Per Click - Google,Fully Meets,4.96,4.00,6.00,1/30/2019,0.00
"Del Bosque, Keyla",1203032498,0.00,0.00,0.00,1.00,4.00,3.00,0.00,57.12,0.00,24.00,Software Engineer,MA,2176,07-05-1979,F,Single,US Citizen,No,Black or African American,01-09-2012,,N/A - still employed,Active,Software Engineering,Alex Sweetwater,10.00,Monster.com,Fully Meets,3.79,5.00,5.00,1/25/2019,0.00
"Exantus, Susan",1401064670,1.00,1.00,0.00,4.00,4.00,2.00,0.00,48.50,1.00,24.00,Software Engineer,MA,1749,05/15/87,F,Married,US Citizen,No,Black or African American,05-02-2011,06-05-2013,attendance,Terminated for Cause,Software Engineering,Alex Sweetwater,10.00,Billboard,Needs Improvement,2.55,5.00,4.00,,
"Martin, Sandra",1303054625,0.00,0.00,0.00,1.00,4.00,3.00,0.00,55.51,0.00,24.00,Software Engineer,MA,2135,11-07-1987,F,Single,US Citizen,No,Asian,11-11-2013,,N/A - still employed,Active,Software Engineering,Alex Sweetwater,10.00,Search Engine - Google Bing Yahoo,Fully Meets,1.53,5.00,4.00,1/14/2019,0.00
"Patronick, Luke",1112030979,0.00,0.00,1.00,5.00,4.00,4.00,1.00,52.25,1.00,24.00,Software Engineer,MA,1844,02/20/79,M ,Single,US Citizen,No,Asian,11-07-2011,09-07-2015,Another position,Voluntarily Terminated,Software Engineering,Alex Sweetwater,10.00,Diversity Job Fair,Exceeds,1.10,5.00,3.00,,
"Saada, Adell",1012023185,1.00,1.00,0.00,1.00,4.00,3.00,0.00,49.25,0.00,24.00,Software Engineer,MA,2132,07/24/86,F,Married,US Citizen,No,White,11-05-2012,,N/A - still employed,Active,Software Engineering,Alex Sweetwater,10.00,Pay Per Click - Google,Fully Meets,1.74,3.00,6.00,2/13/2019,0.00
"Szabo, Andrew",1201031324,0.00,0.00,1.00,1.00,4.00,4.00,0.00,48.00,0.00,24.00,Software Engineer,MA,2140,05-06-1983,M ,Single,US Citizen,No,White,07-07-2014,,N/A - still employed,Active,Software Engineering,Alex Sweetwater,10.00,MBTA ads,Exceeds,2.61,5.00,5.00,2/18/2019,0.00
"True, Edward",1102024057,0.00,0.00,1.00,5.00,4.00,3.00,1.00,45.42,1.00,24.00,Software Engineer,MA,2451,06/14/83,M ,Single,Non-Citizen,No,Black or African American,2/18/2013,04/15/14,medical issues,Voluntarily Terminated,Software Engineering,Alex Sweetwater,10.00,Diversity Job Fair,Fully Meets,1.11,3.00,4.00,,
"Sweetwater, Alex",1001644719,0.00,0.00,1.00,1.00,4.00,3.00,0.00,27.00,0.00,25.00,Software Engineering Manager,MA,2184,11/22/66,M ,Single,US Citizen,No,White,8/15/2011,,N/A - still employed,Active,Software Engineering,Jennifer Zamora,5.00,Search Engine - Google Bing Yahoo,Fully Meets,3.84,3.00,5.00,1/21/2019,0.00
"Foster-Baker, Amy",1201031308,1.00,1.00,0.00,1.00,1.00,3.00,0.00,34.95,0.00,26.00,Sr. Accountant,MA,2050,04/16/79,F,Married,US Citizen,no,White,01-05-2009,,N/A - still employed,Active,Admin Offices,Board of Directors,9.00,Other,Fully Meets,5.00,3.00,2.00,02-08-2019,0.00
"Boutwell, Bonalyn",1307060188,1.00,1.00,0.00,1.00,1.00,3.00,1.00,34.95,0.00,26.00,Sr. Accountant,MA,2468,04-04-1987,F,Married,US Citizen,No,Asian,2/16/2015,,N/A - still employed,Active,Admin Offices,Brandon R. LeBlanc,3.00,Diversity Job Fair,Fully Meets,5.00,4.00,3.00,2/18/2019,0.00
"Ait Sidi, Karthikeyan   ",1307060199,1.00,1.00,1.00,5.00,3.00,3.00,0.00,62.00,1.00,27.00,Sr. DBA,MA,2148,05-05-1975,M ,Married,US Citizen,No,White,3/30/2015,06/16/16,career change,Voluntarily Terminated,IT/IS,Simon Roup,4.00,Company Intranet - Partner,Fully Meets,4.96,3.00,6.00,,
"Carr, Claudia  N",1010022337,0.00,0.00,0.00,2.00,3.00,3.00,0.00,61.30,0.00,27.00,Sr. DBA,MA,1886,06-06-1986,F,Single,US Citizen,No,Black or African American,6/30/2016,,N/A - Has not started yet,Future Start,IT/IS,Simon Roup,4.00,Vendor Referral,Fully Meets,5.00,5.00,6.00,2/18/2019,0.00
"Favis, Donald  ",1412071562,0.00,0.00,1.00,4.00,3.00,3.00,0.00,58.20,1.00,30.00,Enterprise Architect,CT,6033,07/30/64,M ,Single,US Citizen,No,Black or African American,2/17/2014,02/19/16,hours,Terminated for Cause,IT/IS,Simon Roup,4.00,Vendor Referral,Fully Meets,2.94,5.00,7.00,,
"Roehrich, Bianca",1111030266,0.00,0.00,0.00,5.00,3.00,3.00,0.00,58.50,1.00,29.00,Principal Data Architect,MA,2703,05/27/73,F,Single,US Citizen,Yes,White,01-05-2015,11-10-2015,Another position,Voluntarily Terminated,IT/IS,Simon Roup,4.00,Vendor Referral,Fully Meets,3.88,3.00,7.00,,
"Daniele, Ann  ",1411071312,1.00,1.00,0.00,3.00,3.00,3.00,0.00,54.10,0.00,28.00,Sr. Network Engineer,CT,6033,01/18/52,F,Married,US Citizen,No,White,11-10-2014,,N/A - still employed,Leave of Absence,IT/IS,Peter Monroe,7.00,Vendor Referral,Fully Meets,1.55,5.00,8.00,02-12-2019,0.00
"Lajiri,  Jyoti",1108028108,1.00,1.00,1.00,3.00,3.00,3.00,0.00,56.20,0.00,28.00,Sr. Network Engineer,MA,2169,04/23/86,M ,Married,US Citizen,No,White,11-10-2014,,N/A - still employed,Leave of Absence,IT/IS,Peter Monroe,7.00,Employee Referral,Fully Meets,4.46,5.00,6.00,01-07-2019,0.00
"Semizoglou, Jeremiah  ",904013591,1.00,1.00,1.00,2.00,3.00,3.00,0.00,53.80,0.00,28.00,Sr. Network Engineer,MA,1545,02-09-1983,M ,Married,US Citizen,No,Asian,6/30/2016,,N/A - Has not started yet,Future Start,IT/IS,Peter Monroe,7.00,On-campus Recruiting,Fully Meets,3.27,4.00,5.00,1/14/2019,0.00
"South, Joe",1308060959,0.00,0.00,1.00,1.00,3.00,3.00,0.00,53.00,0.00,28.00,Sr. Network Engineer,CT,6278,09-09-1965,M ,Single,US Citizen,No,White,11-10-2014,,N/A - still employed,Active,IT/IS,Peter Monroe,7.00,Employee Referral,Fully Meets,5.00,3.00,4.00,01-02-2019,0.00
"Warfield, Sarah",1301052347,0.00,4.00,0.00,1.00,3.00,3.00,0.00,55.20,0.00,28.00,Sr. Network Engineer,MA,2453,05-02-1978,F,Widowed,US Citizen,No,Asian,3/30/2015,,N/A - still employed,Active,IT/IS,Peter Monroe,7.00,Employee Referral,Fully Meets,1.06,4.00,8.00,02-05-2019,0.00
